;;;;;;;;;;;
ROTEIRO DE HOMOLOGAÇÃO SAJ5 - SAJMP | SAJADM | SAJWEB;;;;;HOJE:;23/07/2026;;FUNCIONANDO;318;17%;
;;;;;DATA INICIO:;;;ITENS DESABILITADOS;302;16%;
;;;;;DATA FIM:;;;FUNCIONA COM RESSALVAS;1;0%;
;;;;;VERSÃO:;;;ERROS IMPEDITIVOS;0;0%;
;;;;;CLIENTE:;;;ITENS HOMOLOGADOS;621;33%;
;;;;;TOTAL ITENS:;1909;;ITENS RESTANTES;1288;;
PORTAL WEB:;;;;;;;;;;;
;;;;;;;;;;;
ID;SISTEMA;MÓDULO;TELA/FUNCIONALIDADE;CENÁRIO;REQUISITOS;RESPONSÁVEL;STATUS;CHAMADO;STATUS CHAMADO;OBSERVAÇÃO;SUBSÍDIO
1;SAJMP;Tela de autenticação;Acesso ao sistema;Testar a possibilidade de login para os usuários;;FABRICIO;FUNCIONA;;;;
2;SAJMP;Tela de autenticação;Carregar tela de login;Testar o atalho e analisar o comportamento;;FABRICIO;FUNCIONA;;;;
3;SAJMP;Tela de autenticação;Informar usuário corretamente;Testar o atalho e analisar o comportamento;;FABRICIO;FUNCIONA;;;;
4;SAJMP;Tela de autenticação;Fechar e abrir novamente;Testar o atalho e analisar o comportamento;;FABRICIO;FUNCIONA;;;;
5;SAJMP;Tela de autenticação;Autenticar corretamente;Testar o atalho e analisar o comportamento;;FABRICIO;FUNCIONA;;;;
6;SAJMP;Tela de autenticação;Acessar;Testar o atalho e analisar o comportamento;;FABRICIO;FUNCIONA;;;;
7;SAJMP;Tela de autenticação;Cancelar;Testar o atalho e analisar o comportamento;;FABRICIO;FUNCIONA;;;;
8;SAJMP;Tela de autenticação;Pressionar a tecla TAB;Pressionar a tecla TAB para percorrer todos os campos na ordem;;FABRICIO;FUNCIONA;;;;
9;SAJMP;Tela de autenticação;Selecionar lotação diferente da padrão;Testar o atalho e analisar o comportamento;;FABRICIO;FUNCIONA;;;;
10;SAJMP;Tela de autenticação;ESC;Pressionar a tecla ESC e verificar se a tela é encerrada sem erros;;FABRICIO;FUNCIONA;;;;
11;SAJMP;Tela de autenticação;Tela de atualização do sistema SAJ;Verificar se a tela de progresso da atualização é exibida e atualizada;;FABRICIO;FUNCIONA;;;;
12;SAJMP;Tela de autenticação;Testar o texto inicial de apresentação do SAJ;Verificar se na tela de login o texto está coerente com o ;parâmetro 51673;FABRICIO;FUNCIONA;;;;
13;SAJMP;Barra de acesso rápido por atalho;Carga e Importação de Processos;Testar o atalho e analisar o comportamento;;FABRICIO;FUNCIONA;;;;
14;SAJMP;Barra de acesso rápido por atalho;Fluxo de trabalho;Testar o atalho e analisar o comportamento;;FABRICIO;FUNCIONA;;;;
15;SAJMP;Barra de acesso rápido por atalho;Gerenciador de arquivos;Testar o atalho e analisar o comportamento;;FABRICIO;FUNCIONA;;;;
16;SAJMP;Barra de acesso rápido por atalho;Consulta avançada de processos;Testar o atalho e analisar o comportamento;;FABRICIO;FUNCIONA;;;;
17;SAJMP;Barra de acesso rápido por atalho;Agenda de compromissos;Testar o atalho e analisar o comportamento;;FABRICIO;FUNCIONA;;;;
18;SAJMP;Barra de acesso rápido por atalho;Pesquisa rápida de funcionalidade;Testar a funcionalidade e analisar o comportamento;;FABRICIO;FUNCIONA;;;;
19;SAJMP;Barra de acesso rápido por atalho;Alternar lotação;Testar a funcionalidade e analisar o comportamento;;FABRICIO;FUNCIONA;;;;
20;SAJMP;Barra de acesso rápido por atalho;Identificar usuário;Testar a funcionalidade e analisar o comportamento;;FABRICIO;FUNCIONA;;;;
21;SAJMP;Painel inicial;Dashboard;Verificar se os dados estão sendo carregados;;FABRICIO;FUNCIONA;;;;
22;SAJMP;Painel inicial;Acompanhamento;Verificar se os dados estão sendo carregados;;FABRICIO;FUNCIONA;;;;
23;SAJMP;Painel inicial;Pendências;Verificar se os dados estão sendo carregados;;FABRICIO;FUNCIONA;;;;
24;SAJMP;Painel inicial;Peticionamento;Verificar se os dados estão sendo carregados;;FABRICIO;FUNCIONA;;;;
25;SAJMP;Painel inicial;Compromissos;Verificar se os dados estão sendo carregados;;FABRICIO;FUNCIONA;;;;
26;SAJMP;Painel inicial;Documentos recentes;Verificar se os dados estão sendo carregados;;FABRICIO;FUNCIONA;;;;
27;SAJMP;Painel inicial;Compartilhamento;Verificar se os dados estão sendo carregados;;FABRICIO;FUNCIONA;;;;
28;SAJMP;Painel inicial;Links e dicas;Verificar se os dados estão sendo carregados;;FABRICIO;FUNCIONA;;;;
29;SAJMP;Painel inicial;Links;Verificar se os links estão funcionais;;FABRICIO;FUNCIONA;;;;
30;SAJMP;Menu cadastro;Alternar lotação;Testar o atalho e analisar o comportamento;;FABRICIO;FUNCIONA;;;;
31;SAJMP;Menu cadastro;Identificar usuário;Testar o atalho e analisar o comportamento;;FABRICIO;FUNCIONA;;;;
32;SAJMP;Menu cadastro;Sair;Testar o atalho e analisar o comportamento;;FABRICIO;FUNCIONA;;;;
33;CADASTRO;Protocolo unificado;Cadastrar;Registrar um protocolo;;FABRICIO;FUNCIONA;;;;
34;CADASTRO;Protocolo unificado;Cadastrar pessoa;Registrar uma pessoa;;FABRICIO;FUNCIONA;;;;
35;CADASTRO;Protocolo unificado;Abrir cadastro;Abrir cadastro;;FABRICIO;FUNCIONA;;;;
36;CADASTRO;Protocolo unificado;Abrir pasta digital;Abrir pasta digital;;FABRICIO;FUNCIONA;;;;
37;CADASTRO;Protocolo unificado;Emitir documento;Emitir documento;;FABRICIO;FUNCIONA;;;;
38;CADASTRO;Protocolo unificado;Consulta básica;Consultar cadastro;;FABRICIO;FUNCIONA;;;;
39;CADASTRO;Protocolo unificado;Gerenciador de arquivos;Abrir o gerenciador de arquivos;;FABRICIO;FUNCIONA;;;;
40;CADASTRO;Protocolo unificado;Redistribuir;Redistribuir;;FABRICIO;FUNCIONA;;;;
41;CADASTRO;Protocolo unificado;Imprimir etiqueta;Imprimir todas as opções de etiquetas;;FABRICIO;FUNCIONA;;;;
42;CADASTRO;Protocolo unificado;Emitir recibo;Emitir recibo;;FABRICIO;FUNCIONA;;;;
43;CADASTRO;Protocolo unificado;Evoluir;Evoluir;;FABRICIO;FUNCIONA;;;;
44;CADASTRO;Protocolo unificado;Verificar o nível de sigilo após evolução;Verificar se o nível de sigilo foi mantido na evolução;;FABRICIO;FUNCIONA;;;;
45;CADASTRO;Protocolo unificado;Evoluir através de atividade;Evoluir através da atividade na fila de trabalho;;FABRICIO;FUNCIONA;;;;
46;CADASTRO;Protocolo unificado;Agenda;Abrir agenda;;FABRICIO;FUNCIONA;;;;
47;CADASTRO;Protocolo unificado;Compromisso;Cadastrar compromisso;;FABRICIO;FUNCIONA;;;;
48;CADASTRO;Protocolo unificado;Juntar;Juntar o protocolo;;FABRICIO;FUNCIONA;;;;
49;CADASTRO;Protocolo unificado;Arquivamento;Arquivar o protocolo;;FABRICIO;FUNCIONA;;;;
50;CADASTRO;Protocolo unificado;Auditoria de acessos;Auditar acessos;;FABRICIO;FUNCIONA;;;;
51;CADASTRO;Protocolo unificado;Último número para pesquisa;Informar o número do último cadastro;;FABRICIO;FUNCIONA;;;;
52;CADASTRO;Protocolo unificado;Minimizar através do ícone;Minimizar tela;;FABRICIO;FUNCIONA;;;;
53;CADASTRO;Protocolo unificado;Restaurar janela minimizada;Maximizar tela;;FABRICIO;FUNCIONA;;;;
54;CADASTRO;Protocolo unificado;Fechar através do ícone;Fechar tela;;FABRICIO;FUNCIONA;;;;
55;CADASTRO;Protocolo unificado;Limpar;Utilizar o botão e verificar se os campos foram limpos;;FABRICIO;FUNCIONA;;;;
56;CADASTRO;Protocolo unificado;Fechar;Utilizar o botão e verificar se a tela foi fechada;;FABRICIO;FUNCIONA;;;;
57;CADASTRO;Atendimento;Cadastrar;Registrar um atendimento;;FABRICIO;FUNCIONA;;;;
58;CADASTRO;Atendimento;Cadastrar pessoa;Registrar uma pessoa;;FABRICIO;FUNCIONA;;;;
59;CADASTRO;Atendimento;Abrir cadastro;Abrir cadastro;;FABRICIO;FUNCIONA;;;;
60;CADASTRO;Atendimento;Abrir pasta digital;Abrir pasta digital;;FABRICIO;FUNCIONA;;;;
61;CADASTRO;Atendimento;Emitir documento;Emitir documento;;FABRICIO;FUNCIONA;;;;
62;CADASTRO;Atendimento;Consulta básica;Consultar cadastro;;FABRICIO;FUNCIONA;;;;
63;CADASTRO;Atendimento;Gerenciador de arquivos;Abrir o gerenciador de arquivos;;FABRICIO;FUNCIONA;;;;
64;CADASTRO;Atendimento;Redistribuir;Redistribuir;;FABRICIO;FUNCIONA;;;;
65;CADASTRO;Atendimento;Copiar cadastro;Copiar cadastro;;FABRICIO;FUNCIONA;;;;
66;CADASTRO;Atendimento;Copiar documento;Copiar documento;;FABRICIO;FUNCIONA;;;;
67;CADASTRO;Atendimento;Imprimir etiqueta;Imprimir todas as opções de etiquetas;;FABRICIO;FUNCIONA;;;;
68;CADASTRO;Atendimento;Emitir recibo;Emitir recibo;;FABRICIO;FUNCIONA;;;;
69;CADASTRO;Atendimento;Solicitação de Apoio;Gerar solicitação de apoio a partir do cadastro;;FABRICIO;FUNCIONA;;;;
70;CADASTRO;Atendimento;Evoluir;Evoluir;;FABRICIO;FUNCIONA;;;;
71;CADASTRO;Atendimento;Verificar o nível de sigilo após evolução;Verificar se o nível de sigilo foi mantido na evolução;;FABRICIO;FUNCIONA;;;;
72;CADASTRO;Atendimento;Agenda;Abrir agenda;;FABRICIO;FUNCIONA;;;;
73;CADASTRO;Atendimento;Compromisso;Cadastrar compromisso;;FABRICIO;FUNCIONA;;;;
74;CADASTRO;Atendimento;Auditoria de acessos;Auditar acessos;;FABRICIO;FUNCIONA;;;;
75;CADASTRO;Atendimento;Abas;Testar todas as abas, campo a campo;;FABRICIO;FUNCIONA;;;;
76;CADASTRO;Atendimento;Último número para pesquisa;Informar o número do último cadastro;;FABRICIO;FUNCIONA;;;;
77;CADASTRO;Atendimento;Quebra de texto no campo descrição;Verificar se ao digitar até o fim da tela, o sistema quebra o texto;;FABRICIO;FUNCIONA;;;;
78;CADASTRO;Atendimento;Limite do campo descrição;Digitar até 4000 caracteres e verificar se há bloqueio antes disso;;FABRICIO;FUNCIONA;;;;
79;CADASTRO;Atendimento;Barra de rolagem no campo descrição;Verificar se é habilitado a barra de rolagem quando o campo é preenchido;;FABRICIO;FUNCIONA;;;;
80;CADASTRO;Atendimento;Minimizar através do ícone;Minimizar tela;;FABRICIO;FUNCIONA;;;;
81;CADASTRO;Atendimento;Restaurar janela minimizada;Maximizar tela;;FABRICIO;FUNCIONA;;;;
82;CADASTRO;Atendimento;Fechar através do ícone;Fechar tela;;FABRICIO;FUNCIONA;;;;
83;CADASTRO;Atendimento;Limpar;Utilizar o botão e verificar se os campos foram limpos;;FABRICIO;FUNCIONA;;;;
84;CADASTRO;Atendimento;Fechar;Utilizar o botão e verificar se a tela foi fechada;;FABRICIO;FUNCIONA;;;;
85;CADASTRO;Manifestações;Cadastrar pelo portal da Ouvidoria;Registrar uma manifestação;;FABRICIO;FUNCIONA;;;;
86;CADASTRO;Manifestações;Verificar se o e-mail vai chegar para o solicitante;Verificar se o e-mail vai chegar para o solicitante;;FABRICIO;FUNCIONA;;;;
87;CADASTRO;Manifestações;Verificar se o IP e o horário serão registrados corretamente no ADM;Verificar se o IP e o horário serão registrados corretamente no ADM;;FABRICIO;FUNCIONA;;;;
88;CADASTRO;Manifestações;Cadastrar;Registrar uma manifestação;;FABRICIO;FUNCIONA;;;;
89;CADASTRO;Manifestações;Cadastrar pessoa;Registrar uma pessoa;;FABRICIO;FUNCIONA;;;;
90;CADASTRO;Manifestações;Abrir cadastro;Abrir cadastro;;FABRICIO;FUNCIONA;;;;
91;CADASTRO;Manifestações;Abrir pasta digital;Abrir pasta digital;;FABRICIO;FUNCIONA;;;;
92;CADASTRO;Manifestações;Emitir documento;Emitir documento;;FABRICIO;FUNCIONA;;;;
93;CADASTRO;Manifestações;Consulta básica;Consultar cadastro;;FABRICIO;FUNCIONA;;;;
94;CADASTRO;Manifestações;Gerenciador de arquivos;Abrir o gerenciador de arquivos;;FABRICIO;FUNCIONA;;;;
95;CADASTRO;Manifestações;Imprimir etiqueta;Imprimir todas as opções de etiquetas;;FABRICIO;FUNCIONA;;;;
96;CADASTRO;Manifestações;Solicitação de Apoio;Gerar solicitação de apoio a partir do cadastro;;FABRICIO;FUNCIONA;;;;
97;CADASTRO;Manifestações;Evoluir;Evoluir;;FABRICIO;FUNCIONA;;;;
98;CADASTRO;Manifestações;Verificar o nível de sigilo após evolução;Verificar se o nível de sigilo foi mantido na evolução;;FABRICIO;FUNCIONA;;;;
99;CADASTRO;Manifestações;Nível de sigilo no ato da instauração;Verificar se o nível de sigilo é instaurado como público;;FABRICIO;;;;;
100;CADASTRO;Manifestações;Agenda;Abrir agenda;;FABRICIO;FUNCIONA;;;;
101;CADASTRO;Manifestações;Compromisso;Cadastrar compromisso;;FABRICIO;FUNCIONA;;;;
102;CADASTRO;Manifestações;Último número para pesquisa;Informar o número do último cadastro;;FABRICIO;FUNCIONA;;;;
103;CADASTRO;Manifestações;Quebra de texto no campo assunto;Verificar se ao digitar até o fim da tela, o sistema quebra o texto;;FABRICIO;FUNCIONA;;;;
104;CADASTRO;Manifestações;Limite do campo assunto;Digitar até 4000 caracteres e verificar se há bloqueio antes disso;;FABRICIO;FUNCIONA;;;;
105;CADASTRO;Manifestações;Barra de rolagem no campo descrição assunto;Verificar se é habilitado a barra de rolagem quando o campo é preenchido;;FABRICIO;FUNCIONA;;;;
106;CADASTRO;Manifestações;Minimizar através do ícone;Minimizar tela;;FABRICIO;FUNCIONA;;;;
107;CADASTRO;Manifestações;Restaurar janela minimizada;Maximizar tela;;FABRICIO;FUNCIONA;;;;
108;CADASTRO;Manifestações;Fechar através do ícone;Fechar tela;;FABRICIO;FUNCIONA;;;;
109;CADASTRO;Manifestações;Limpar;Utilizar o botão e verificar se os campos foram limpos;;FABRICIO;FUNCIONA;;;;
110;CADASTRO;Manifestações;Fechar;Utilizar o botão e verificar se a tela foi fechada;;FABRICIO;FUNCIONA;;;;
111;CADASTRO;Notícia de Fato;Cadastrar;Registrar uma notícia de fato;;;;;;;
112;CADASTRO;Notícia de Fato;Cadastrar pessoa;Registrar uma pessoa;;;;;;;
113;CADASTRO;Notícia de Fato;Abrir cadastro;Abrir cadastro;;;;;;;
114;CADASTRO;Notícia de Fato;Abrir pasta digital;Abrir pasta digital;;;;;;;
115;CADASTRO;Notícia de Fato;Emitir documento;Emitir documento;;;;;;;
116;CADASTRO;Notícia de Fato;Consulta básica;Consultar cadastro;;;;;;;
117;CADASTRO;Notícia de Fato;Gerenciador de arquivos;Abrir o gerenciador de arquivos;;;;;;;
118;CADASTRO;Notícia de Fato;Pendência;Verificar pendências geradas ao instaurar ou prorrogar;;;;;;;
119;CADASTRO;Notícia de Fato;Redistribuir;Redistribuir;;;;;;;
120;CADASTRO;Notícia de Fato;Copiar cadastro;Copiar cadastro;;;;;;;
121;CADASTRO;Notícia de Fato;Copiar documento;Copiar documento;;;;;;;
122;CADASTRO;Notícia de Fato;Evoluir;Evoluir;;;;;;;
123;CADASTRO;Notícia de Fato;Verificar o nível de sigilo após evolução;Verificar se o nível de sigilo foi mantido na evolução;;;;;;;
124;CADASTRO;Notícia de Fato;Solicitação de Apoio;Gerar solicitação de apoio a partir do cadastro;;;;;;;
125;CADASTRO;Notícia de Fato;Imprimir etiqueta;Imprimir todas as opções de etiquetas;;;;;;;
126;CADASTRO;Notícia de Fato;Emitir recibo;Emitir recibo;;;;;;;
127;CADASTRO;Notícia de Fato;Agenda;Abrir agenda;;;;;;;
128;CADASTRO;Notícia de Fato;Compromisso;Cadastrar compromisso;;;;;;;
129;CADASTRO;Notícia de Fato;Senha de acesso;Gerar senha para acesso ao cadastro via web;;;;;;;
130;CADASTRO;Notícia de Fato;Auditoria de acessos;Auditar acessos;;;;;;;
131;CADASTRO;Notícia de Fato;Quebra de texto no campo objeto;Verificar se ao digitar até o fim da tela, o sistema quebra o texto;;;;;;;
132;CADASTRO;Notícia de Fato;Limite do campo objeto;Digitar até 4000 caracteres e verificar se há bloqueio antes disso;;;;;;;
133;CADASTRO;Notícia de Fato;Barra de rolagem no campo objeto;Verificar se é habilitado a barra de rolagem quando o campo é preenchido;;;;;;;
134;CADASTRO;Notícia de Fato;Minimizar através do ícone;Minimizar tela;;;;;;;
135;CADASTRO;Notícia de Fato;Restaurar janela minimizada;Maximizar tela;;;;;;;
136;CADASTRO;Notícia de Fato;Fechar através do ícone;Fechar tela;;;;;;;
137;CADASTRO;Notícia de Fato;Limpar;Utilizar o botão e verificar se os campos foram limpos;;;;;;;
138;CADASTRO;Notícia de Fato;Fechar;Utilizar o botão e verificar se a tela foi fechada;;;;;;;
139;CADASTRO;Procedimentos;Cadastrar;Registrar um procedimento;;;;;;;
140;CADASTRO;Procedimentos;Cadastrar pessoa;Registrar uma pessoa;;;;;;;
141;CADASTRO;Procedimentos;Abrir cadastro;Abrir cadastro;;;;;;;
142;CADASTRO;Procedimentos;Abrir pasta digital;Abrir pasta digital;;;;;;;
143;CADASTRO;Procedimentos;Emitir documento;Emitir documento;;;;;;;
144;CADASTRO;Procedimentos;Emitir portaria;Emitir portaria de instauração do procedimento;;;;;;;
145;CADASTRO;Procedimentos;Consulta básica;Consultar cadastro;;;;;;;
146;CADASTRO;Procedimentos;Gerenciador de arquivos;Abrir o gerenciador de arquivos;;;;;;;
147;CADASTRO;Procedimentos;Redistribuir;Redistribuir;;;;;;;
148;CADASTRO;Procedimentos;Copiar cadastro;Copiar cadastro;;;;;;;
149;CADASTRO;Procedimentos;Copiar documento;Copiar documento;;;;;;;
150;CADASTRO;Procedimentos;Converter;Converter PP em IC e verificar se o subfluxo do cadastro foi alterado com sucesso;;;;;;;
151;CADASTRO;Procedimentos;Cindir;Cindir procedimento;;;;;;;
152;CADASTRO;Procedimentos;Evoluir;Evoluir;;;;;;;
153;CADASTRO;Procedimentos;Verificar o nível de sigilo após evolução;Verificar se o nível de sigilo foi mantido na evolução;;;;;;;
154;CADASTRO;Procedimentos;Solicitação de Apoio;Gerar solicitação de apoio a partir do cadastro;;;;;;;
155;CADASTRO;Procedimentos;Imprimir etiqueta;Imprimir todas as opções de etiquetas;;;;;;;
156;CADASTRO;Procedimentos;Agenda;Abrir agenda;;;;;;;
157;CADASTRO;Procedimentos;Compromisso;Cadastrar compromisso;;;;;;;
158;CADASTRO;Procedimentos;Senha de acesso;Gerar senha para acesso ao cadastro via web;;;;;;;
159;CADASTRO;Procedimentos;Auditoria de acessos;Auditar acessos;;;;;;;
160;CADASTRO;Procedimentos;Quebra de texto no campo objeto;Verificar se ao digitar até o fim da tela, o sistema quebra o texto;;;;;;;
161;CADASTRO;Procedimentos;Limite do campo objeto;Digitar até 4000 caracteres e verificar se há bloqueio antes disso;;;;;;;
162;CADASTRO;Procedimentos;Barra de rolagem no campo objeto;Verificar se é habilitado a barra de rolagem quando o campo é preenchido;;;;;;;
163;CADASTRO;Procedimentos;Minimizar através do ícone;Minimizar tela;;;;;;;
164;CADASTRO;Procedimentos;Restaurar janela minimizada;Maximizar tela;;;;;;;
165;CADASTRO;Procedimentos;Fechar através do ícone;Fechar tela;;;;;;;
166;CADASTRO;Procedimentos;Limpar;Utilizar o botão e verificar se os campos foram limpos;;;;;;;
167;CADASTRO;Procedimentos;Fechar;Utilizar o botão e verificar se a tela foi fechada;;;;;;;
168;CADASTRO;Procedimentos de registro público;Cadastrar;Registrar um procedimento de registro público;;;;;;;
169;CADASTRO;Procedimentos de registro público;Cadastrar pessoa;Registrar uma pessoa;;;;;;;
170;CADASTRO;Procedimentos de registro público;Abrir cadastro;Abrir cadastro;;;;;;;
171;CADASTRO;Procedimentos de registro público;Abrir pasta digital;Abrir pasta digital;;;;;;;
172;CADASTRO;Procedimentos de registro público;Emitir documento;Emitir documento;;;;;;;
173;CADASTRO;Procedimentos de registro público;Consulta básica;Consultar cadastro;;;;;;;
174;CADASTRO;Procedimentos de registro público;Gerenciador de arquivos;Abrir o gerenciador de arquivos;;;;;;;
175;CADASTRO;Procedimentos de registro público;Redistribuir;Redistribuir;;;;;;;
176;CADASTRO;Procedimentos de registro público;Copiar cadastro;Copiar cadastro;;;;;;;
177;CADASTRO;Procedimentos de registro público;Copiar documento;Copiar documento;;;;;;;
178;CADASTRO;Procedimentos de registro público;Evoluir;Evoluir;;;;;;;
179;CADASTRO;Procedimentos de registro público;Verificar o nível de sigilo após evolução;Verificar se o nível de sigilo foi mantido na evolução;;;;;;;
180;CADASTRO;Procedimentos de registro público;Solicitação de Apoio;Gerar solicitação de apoio a partir do cadastro;;;;;;;
181;CADASTRO;Procedimentos de registro público;imprimir etiqueta;Imprimir todas as opções de etiquetas;;;;;;;
182;CADASTRO;Procedimentos de registro público;Emitir recibo;Emitir recibo;;;;;;;
183;CADASTRO;Procedimentos de registro público;Agenda;Abrir agenda;;;;;;;
184;CADASTRO;Procedimentos de registro público;Compromisso;Cadastrar compromisso;;;;;;;
185;CADASTRO;Procedimentos de registro público;Senha de acesso;Gerar senha para acesso ao cadastro via web;;;;;;;
186;CADASTRO;Procedimentos de registro público;Auditoria de acessos;Auditar acessos;;;;;;;
187;CADASTRO;Procedimentos de registro público;Abas;Testar todas as abas, campo a campo;;;;;;;
188;CADASTRO;Procedimentos de registro público;Quebra de texto no campo objeto;Verificar se ao digitar até o fim da tela, o sistema quebra o texto;;;;;;;
189;CADASTRO;Procedimentos de registro público;Limite do campo objeto;Digitar até 4000 caracteres e verificar se há bloqueio antes disso;;;;;;;
190;CADASTRO;Procedimentos de registro público;Barra de rolagem no campo objeto;Verificar se é habilitado a barra de rolagem quando o campo é preenchido;;;;;;;
191;CADASTRO;Procedimentos de registro público;Minimizar através do ícone;Minimizar tela;;;;;;;
192;CADASTRO;Procedimentos de registro público;Restaurar janela minimizada;Maximizar tela;;;;;;;
193;CADASTRO;Procedimentos de registro público;Fechar através do ícone;Fechar tela;;;;;;;
194;CADASTRO;Procedimentos de registro público;Limpar;Utilizar o botão e verificar se os campos foram limpos;;;;;;;
195;CADASTRO;Procedimentos de registro público;Fechar;Utilizar o botão e verificar se a tela foi fechada;;;;;;;
196;CADASTRO;Atividade não Procedimental;Cadastrar;Registrar uma atividade não procedimental;;;;;;;
197;CADASTRO;Atividade não Procedimental;Cadastrar pessoa;Registrar uma pessoa;;;;;;;
198;CADASTRO;Atividade não Procedimental;Abrir cadastro;Abrir cadastro;;;;;;;
199;CADASTRO;Atividade não Procedimental;Abrir pasta digital;Abrir pasta digital;;;;;;;
200;CADASTRO;Atividade não Procedimental;Emitir documento;Emitir documento;;;;;;;
201;CADASTRO;Atividade não Procedimental;Gerenciador de arquivos;Abrir o gerenciador de arquivos;;;;;;;
202;CADASTRO;Atividade não Procedimental;Redistribuir;Redistribuir;;;;;;;
203;CADASTRO;Atividade não Procedimental;Auditoria de acessos;Auditar acessos;;;;;;;
204;CADASTRO;Atividade não Procedimental;Abas;Testar todas as abas, campo a campo;;;;;;;
205;CADASTRO;Atividade não Procedimental;Quebra de texto no campo resumo da atividade;Verificar se ao digitar até o fim da tela, o sistema quebra o texto;;;;;;;
206;CADASTRO;Atividade não Procedimental;Limite do campo resumo da atividade;Digitar até 4000 caracteres e verificar se há bloqueio antes disso;;;;;;;
207;CADASTRO;Atividade não Procedimental;Barra de rolagem no campo resumo da atividade;Verificar se é habilitado a barra de rolagem quando o campo é preenchido;;;;;;;
208;CADASTRO;Atividade não Procedimental;Minimizar através do ícone;Minimizar tela;;;;;;;
209;CADASTRO;Atividade não Procedimental;Restaurar janela minimizada;Maximizar tela;;;;;;;
210;CADASTRO;Atividade não Procedimental;Fechar através do ícone;Fechar tela;;;;;;;
211;CADASTRO;Atividade não Procedimental;Limpar;Utilizar o botão e verificar se os campos foram limpos;;;;;;;
212;CADASTRO;Atividade não Procedimental;Fechar;Utilizar o botão e verificar se a tela foi fechada;;;;;;;
213;CADASTRO;Procedimentos administrativo;Cadastrar;Registrar um procedimento administrativo;;;;;;;
214;CADASTRO;Procedimentos administrativo;Cadastrar pessoa;Registrar uma pessoa;;;;;;;
215;CADASTRO;Procedimentos administrativo;Abrir cadastro;Abrir cadastro;;;;;;;
216;CADASTRO;Procedimentos administrativo;Abrir pasta digital;Abrir pasta digital;;;;;;;
217;CADASTRO;Procedimentos administrativo;Emitir documento;Emitir documento;;;;;;;
218;CADASTRO;Procedimentos administrativo;Emitir portaria;Emitir portaria de instauração do procedimento;;;;;;;
219;CADASTRO;Procedimentos administrativo;Consulta básica;Consultar cadastro;;;;;;;
220;CADASTRO;Procedimentos administrativo;Gerenciador de arquivos;Abrir o gerenciador de arquivos;;;;;;;
221;CADASTRO;Procedimentos administrativo;Redistribuir;Redistribuir;;;;;;;
222;CADASTRO;Procedimentos administrativo;Copiar cadastro;Copiar cadastro;;;;;;;
223;CADASTRO;Procedimentos administrativo;Copiar documento;Copiar documento;;;;;;;
224;CADASTRO;Procedimentos administrativo;Evoluir;Evoluir;;;;;;;
225;CADASTRO;Procedimentos administrativo;Verificar o nível de sigilo após evolução;Verificar se o nível de sigilo foi mantido na evolução;;;;;;;
226;CADASTRO;Procedimentos administrativo;Solicitação de Apoio;Gerar solicitação de apoio a partir do cadastro;;;;;;;
227;CADASTRO;Procedimentos administrativo;Imprimir etiqueta;Imprimir todas as opções de etiquetas;;;;;;;
228;CADASTRO;Procedimentos administrativo;Finalizar TAC;Finalizar o procedimento e todas as suas obrigações;;;;;;;
229;CADASTRO;Procedimentos administrativo;Agenda;Abrir agenda;;;;;;;
230;CADASTRO;Procedimentos administrativo;Compromisso;Cadastrar compromisso;;;;;;;
231;CADASTRO;Procedimentos administrativo;Senha de acesso;Gerar senha para acesso ao cadastro via web;;;;;;;
232;CADASTRO;Procedimentos administrativo;Auditoria de acessos;Auditar acessos;;;;;;;
233;CADASTRO;Procedimentos administrativo;Abas;Testar todas as abas, campo a campo;;;;;;;
234;CADASTRO;Procedimentos administrativo;Quebra de texto no campo objeto;Verificar se ao digitar até o fim da tela, o sistema quebra o texto;;;;;;;
235;CADASTRO;Procedimentos administrativo;Limite do campo objeto;Digitar até 4000 caracteres e verificar se há bloqueio antes disso;;;;;;;
236;CADASTRO;Procedimentos administrativo;Barra de rolagem no campo objeto;Verificar se é habilitado a barra de rolagem quando o campo é preenchido;;;;;;;
237;CADASTRO;Procedimentos administrativo;Minimizar através do ícone;Minimizar tela;;;;;;;
238;CADASTRO;Procedimentos administrativo;Restaurar janela minimizada;Maximizar tela;;;;;;;
239;CADASTRO;Procedimentos administrativo;Fechar através do ícone;Fechar tela;;;;;;;
240;CADASTRO;Procedimentos administrativo;Limpar;Utilizar o botão e verificar se os campos foram limpos;;;;;;;
241;CADASTRO;Procedimentos administrativo;Fechar;Utilizar o botão e verificar se a tela foi fechada;;;;;;;
242;CADASTRO;Acompanhamento de Programas;Cadastrar;Registrar um programa;;;;;;;
243;CADASTRO;Acompanhamento de Programas;Cadastrar pessoa;Registrar uma pessoa;;;;;;;
244;CADASTRO;Acompanhamento de Programas;Abrir cadastro;Abrir cadastro;;;;;;;
245;CADASTRO;Acompanhamento de Programas;Abrir pasta digital;Abrir pasta digital;;;;;;;
246;CADASTRO;Acompanhamento de Programas;Emitir documento;Emitir documento;;;;;;;
247;CADASTRO;Acompanhamento de Programas;Consulta básica;Consultar cadastro;;;;;;;
248;CADASTRO;Acompanhamento de Programas;Gerenciador de arquivos;Abrir o gerenciador de arquivos;;;;;;;
249;CADASTRO;Acompanhamento de Programas;Redistribuir;Redistribuir;;;;;;;
250;CADASTRO;Acompanhamento de Programas;Copiar cadastro;Copiar cadastro;;;;;;;
251;CADASTRO;Acompanhamento de Programas;Copiar documento;Copiar documento;;;;;;;
252;CADASTRO;Acompanhamento de Programas;Imprimir etiqueta;Imprimir todas as opções de etiquetas;;;;;;;
253;CADASTRO;Acompanhamento de Programas;Solicitação de Apoio;Gerar solicitação de apoio a partir do cadastro;;;;;;;
254;CADASTRO;Acompanhamento de Programas;Agenda;Abrir agenda;;;;;;;
255;CADASTRO;Acompanhamento de Programas;Compromisso;Cadastrar compromisso;;;;;;;
256;CADASTRO;Acompanhamento de Programas;Abas;Testar todas as abas, campo a campo;;;;;;;
257;CADASTRO;Acompanhamento de Programas;Quebra de texto no campo objeto;Verificar se ao digitar até o fim da tela, o sistema quebra o texto;;;;;;;
258;CADASTRO;Acompanhamento de Programas;Limite do campo objeto;Digitar até 4000 caracteres e verificar se há bloqueio antes disso;;;;;;;
259;CADASTRO;Acompanhamento de Programas;Barra de rolagem no campo objeto;Verificar se é habilitado a barra de rolagem quando o campo é preenchido;;;;;;;
260;CADASTRO;Acompanhamento de Programas;Minimizar através do ícone;Minimizar tela;;;;;;;
261;CADASTRO;Acompanhamento de Programas;Restaurar janela minimizada;Maximizar tela;;;;;;;
262;CADASTRO;Acompanhamento de Programas;Fechar através do ícone;Fechar tela;;;;;;;
263;CADASTRO;Acompanhamento de Programas;Limpar;Utilizar o botão e verificar se os campos foram limpos;;;;;;;
264;CADASTRO;Acompanhamento de Programas;Fechar;Utilizar o botão e verificar se a tela foi fechada;;;;;;;
265;CADASTRO;Processos de primeiro grau;Cadastrar;Registrar um processo de primeiro grau;;;;;;;
266;CADASTRO;Processos de primeiro grau;Cadastrar pessoa;Registrar uma pessoa;;;;;;;
267;CADASTRO;Processos de primeiro grau;Abrir cadastro;Abrir cadastro;;;;;;;
268;CADASTRO;Processos de primeiro grau;Abrir pasta digital;Abrir pasta digital;;;;;;;
269;CADASTRO;Processos de primeiro grau;Emitir documento;Emitir documento;;;;;;;
270;CADASTRO;Processos de primeiro grau;Consulta básica;Consultar cadastro;;;;;;;
271;CADASTRO;Processos de primeiro grau;Gerenciador de arquivos;Abrir o gerenciador de arquivos;;;;;;;
272;CADASTRO;Processos de primeiro grau;Redistribuir;Redistribuir;;;;;;;
273;CADASTRO;Processos de primeiro grau;Redistribuir na próxima intimação;Redistribuir na próxima intimação;;;;;;;
274;CADASTRO;Processos de primeiro grau;Colaboração especial;Utilizar a funcionalidade;;;;;;;
275;CADASTRO;Processos de primeiro grau;Promotoria de origem;Utilizar a funcionalidade;;;;;;;
276;CADASTRO;Processos de primeiro grau;Copiar cadastro;Copiar cadastro;;;;;;;
277;CADASTRO;Processos de primeiro grau;Copiar documento;Copiar documento;;;;;;;
278;CADASTRO;Processos de primeiro grau;Evoluir;Evoluir;;;;;;;
279;CADASTRO;Processos de primeiro grau;Verificar o nível de sigilo após evolução;Verificar se o nível de sigilo foi mantido na evolução;;;;;;;
280;CADASTRO;Processos de primeiro grau;Solicitação de Apoio;Gerar solicitação de apoio a partir do cadastro;;;;;;;
281;CADASTRO;Processos de primeiro grau;Imprimir etiqueta;Imprimir todas as opções de etiquetas;;;;;;;
282;CADASTRO;Processos de primeiro grau;Atualizar página;Utilizar a funcionalidade;;;;;;;
283;CADASTRO;Processos de primeiro grau;Tela cheia;Utilizar a funcionalidade;;;;;;;
284;CADASTRO;Processos de primeiro grau;Visualizar pasta digital do TJ;Visualizar a pasta digital do TJ;;;;;;;
285;CADASTRO;Processos de primeiro grau;Agenda;Abrir agenda;;;;;;;
286;CADASTRO;Processos de primeiro grau;Senha de acesso;Gerar senha para acesso ao cadastro via web;;;;;;;
287;CADASTRO;Processos de primeiro grau;Compromisso;Cadastrar compromisso;;;;;;;
288;CADASTRO;Processos de primeiro grau;Gerar protocoliza inicial;Gerar movimentação de protocoliza inicial;;;;;;;
289;CADASTRO;Processos de primeiro grau;Auditoria de acessos;Auditar acessos;;;;;;;
290;CADASTRO;Processos de primeiro grau;Abas;Testar todas as abas, campo a campo;;;;;;;
291;CADASTRO;Processos de primeiro grau;Quebra de texto no campo objeto da ação;Verificar se ao digitar até o fim da tela, o sistema quebra o texto;;;;;;;
292;CADASTRO;Processos de primeiro grau;Limite do campo objeto da ação;Digitar até 4000 caracteres e verificar se há bloqueio antes disso;;;;;;;
293;CADASTRO;Processos de primeiro grau;Barra de rolagem no campo objeto da ação;Verificar se é habilitado a barra de rolagem quando o campo é preenchido;;;;;;;
294;CADASTRO;Processos de primeiro grau;Minimizar através do ícone;Minimizar tela;;;;;;;
295;CADASTRO;Processos de primeiro grau;Restaurar janela minimizada;Maximizar tela;;;;;;;
296;CADASTRO;Processos de primeiro grau;Fechar através do ícone;Fechar tela;;;;;;;
297;CADASTRO;Processos de primeiro grau;Limpar;Utilizar o botão e verificar se os campos foram limpos;;;;;;;
298;CADASTRO;Processos de primeiro grau;Fechar;Utilizar o botão e verificar se a tela foi fechada;;;;;;;
299;CADASTRO;Processos de segundo grau;Cadastrar;Registrar um processo de segundo grau;;;;;;;
300;CADASTRO;Processos de segundo grau;Cadastrar pessoa;Registrar uma pessoa;;;;;;;
301;CADASTRO;Processos de segundo grau;Abrir cadastro;Abrir cadastro;;;;;;;
302;CADASTRO;Processos de segundo grau;Abrir pasta digital;Abrir pasta digital;;;;;;;
303;CADASTRO;Processos de segundo grau;Emitir documento;Emitir documento;;;;;;;
304;CADASTRO;Processos de segundo grau;Consulta básica;Consultar cadastro;;;;;;;
305;CADASTRO;Processos de segundo grau;Gerenciador de arquivos;Abrir o gerenciador de arquivos;;;;;;;
306;CADASTRO;Processos de segundo grau;Redistribuir;Redistribuir;;;;;;;
307;CADASTRO;Processos de segundo grau;Devolver à procuradoria;Devolver à procuradoria;;;;;;;
308;CADASTRO;Processos de segundo grau;Copiar cadastro;Copiar cadastro;;;;;;;
309;CADASTRO;Processos de segundo grau;Copiar documento;Copiar documento;;;;;;;
310;CADASTRO;Processos de segundo grau;Imprimir etiqueta;Imprimir todas as opções de etiquetas;;;;;;;
311;CADASTRO;Processos de segundo grau;Atualizar página;Utilizar a funcionalidade;;;;;;;
312;CADASTRO;Processos de segundo grau;Tela cheia;Utilizar a funcionalidade;;;;;;;
313;CADASTRO;Processos de segundo grau;Visualizar pasta digital do TJ;Visualizar a pasta digital do TJ;;;;;;;
314;CADASTRO;Processos de segundo grau;Analisar dados;Analisar dados e distribuir individualmente;;;;;;;
315;CADASTRO;Processos de segundo grau;Agenda;Abrir agenda;;;;;;;
316;CADASTRO;Processos de segundo grau;Compromisso;Cadastrar compromisso;;;;;;;
317;CADASTRO;Processos de segundo grau;Auditoria de acessos;Auditar acessos;;;;;;;
318;CADASTRO;Processos de segundo grau;Visualizar pasta digital do TJ do primeiro grau;Visualizar a pasta digital do TJ do primeiro grau;;;;;;;
319;CADASTRO;Processos de segundo grau;Último número para pesquisa;Informar o número do último cadastro;;;;;;;
320;CADASTRO;Processos de segundo grau;Quebra de texto no campo objeto da ação;Verificar se ao digitar até o fim da tela, o sistema quebra o texto;;;;;;;
321;CADASTRO;Processos de segundo grau;Limite do campo objeto da ação;Digitar até 4000 caracteres e verificar se há bloqueio antes disso;;;;;;;
322;CADASTRO;Processos de segundo grau;Barra de rolagem no campo objeto da ação;Verificar se é habilitado a barra de rolagem quando o campo é preenchido;;;;;;;
323;CADASTRO;Processos de segundo grau;Minimizar através do ícone;Minimizar tela;;;;;;;
324;CADASTRO;Processos de segundo grau;Restaurar janela minimizada;Maximizar tela;;;;;;;
325;CADASTRO;Processos de segundo grau;Fechar através do ícone;Fechar tela;;;;;;;
326;CADASTRO;Processos de segundo grau;Limpar;Utilizar o botão e verificar se os campos foram limpos;;;;;;;
327;CADASTRO;Processos de segundo grau;Fechar;Utilizar o botão e verificar se a tela foi fechada;;;;;;;
328;CADASTRO;Solicitação de apoio;Cadastrar;Registrar uma solicitação de apoio;;;;;;;
329;CADASTRO;Solicitação de apoio;Abrir cadastro;Abrir cadastro;;;;;;;
330;CADASTRO;Solicitação de apoio;Abrir pasta digital;Abrir pasta digital;;;;;;;
331;CADASTRO;Solicitação de apoio;Emitir documento;Emitir documento;;;;;;;
332;CADASTRO;Solicitação de apoio;Consulta básica;Consultar cadastro;;;;;;;
333;CADASTRO;Solicitação de apoio;Gerenciador de arquivos;Abrir o gerenciador de arquivos;;;;;;;
334;CADASTRO;Solicitação de apoio;Copiar documento;Copiar documento;;;;;;;
335;CADASTRO;Solicitação de apoio;Enviar;Enviar ou retornar à origem;;;;;;;
336;CADASTRO;Solicitação de apoio;Verificar o nível de sigilo após o envio;Verificar se o nível de sigilo foi mantido após o envio;;;;;;;
337;CADASTRO;Solicitação de apoio;Gerar cópia;Gerar cópia de cadastro;;;;;;;
338;CADASTRO;Solicitação de apoio;Auditoria de acessos;Auditar acessos;;;;;;;
339;CADASTRO;Solicitação de apoio;Abas;Testar todas as abas, campo a campo;;;;;;;
340;CADASTRO;Solicitação de apoio;Último número para pesquisa;Informar o número do último cadastro;;;;;;;
341;CADASTRO;Solicitação de apoio;Minimizar através do ícone;Minimizar tela;;;;;;;
342;CADASTRO;Solicitação de apoio;Restaurar janela minimizada;Maximizar tela;;;;;;;
343;CADASTRO;Solicitação de apoio;Fechar através do ícone;Fechar tela;;;;;;;
344;CADASTRO;Solicitação de apoio;Limpar;Utilizar o botão e verificar se os campos foram limpos;;;;;;;
345;CADASTRO;Solicitação de apoio;Fechar;Utilizar o botão e verificar se a tela foi fechada;;;;;;;
346;CADASTRO;Movimentação na carreira;Cadastrar;Registrar uma movimentação na carreira;;;;;;;
347;CADASTRO;Movimentação na carreira;Cadastrar pessoa;Registrar uma pessoa;;;;;;;
348;CADASTRO;Movimentação na carreira;Abrir cadastro;Abrir cadastro;;;;;;;
349;CADASTRO;Movimentação na carreira;Abrir pasta digital;Abrir pasta digital;;;;;;;
350;CADASTRO;Movimentação na carreira;Emitir documento;Emitir documento;;;;;;;
351;CADASTRO;Movimentação na carreira;Consulta básica;Consultar cadastro;;;;;;;
352;CADASTRO;Movimentação na carreira;Gerenciador de arquivos;Abrir o gerenciador de arquivos;;;;;;;
353;CADASTRO;Movimentação na carreira;Redistribuir;Redistribuir;;;;;;;
354;CADASTRO;Movimentação na carreira;Abas;Testar todas as abas, campo a campo;;;;;;;
355;CADASTRO;Movimentação na carreira;Quebra de texto no campo objeto;Verificar se ao digitar até o fim da tela, o sistema quebra o texto;;;;;;;
356;CADASTRO;Movimentação na carreira;Limite do campo objeto;Digitar até 4000 caracteres e verificar se há bloqueio antes disso;;;;;;;
357;CADASTRO;Movimentação na carreira;Barra de rolagem no campo objeto;Verificar se é habilitado a barra de rolagem quando o campo é preenchido;;;;;;;
358;CADASTRO;Movimentação na carreira;Minimizar através do ícone;Minimizar tela;;;;;;;
359;CADASTRO;Movimentação na carreira;Restaurar janela minimizada;Maximizar tela;;;;;;;
360;CADASTRO;Movimentação na carreira;Fechar através do ícone;Fechar tela;;;;;;;
361;CADASTRO;Movimentação na carreira;Limpar;Utilizar o botão e verificar se os campos foram limpos;;;;;;;
362;CADASTRO;Movimentação na carreira;Fechar;Utilizar o botão e verificar se a tela foi fechada;;;;;;;
363;CADASTRO;Edital na movimentação na carreira;Cadastrar;Registrar um edital;;;;;;;
364;CADASTRO;Edital na movimentação na carreira;Cadastrar pessoa;Registrar uma pessoa;;;;;;;
365;CADASTRO;Edital na movimentação na carreira;Abrir cadastro;Abrir cadastro;;;;;;;
366;CADASTRO;Edital na movimentação na carreira;Abrir pasta digital;Abrir pasta digital;;;;;;;
367;CADASTRO;Edital na movimentação na carreira;Emitir documento;Emitir documento;;;;;;;
368;CADASTRO;Edital na movimentação na carreira;Consulta básica;Consultar cadastro;;;;;;;
369;CADASTRO;Edital na movimentação na carreira;Gerenciador de arquivos;Abrir o gerenciador de arquivos;;;;;;;
370;CADASTRO;Edital na movimentação na carreira;Redistribuir;Redistribuir;;;;;;;
371;CADASTRO;Edital na movimentação na carreira;Abas;Testar todas as abas, campo a campo;;;;;;;
372;CADASTRO;Edital na movimentação na carreira;Quebra de texto no campo objeto;Verificar se ao digitar até o fim da tela, o sistema quebra o texto;;;;;;;
373;CADASTRO;Edital na movimentação na carreira;Limite do campo objeto;Digitar até 4000 caracteres e verificar se há bloqueio antes disso;;;;;;;
374;CADASTRO;Edital na movimentação na carreira;Barra de rolagem no campo objeto;Verificar se é habilitado a barra de rolagem quando o campo é preenchido;;;;;;;
375;CADASTRO;Edital na movimentação na carreira;Minimizar através do ícone;Minimizar tela;;;;;;;
376;CADASTRO;Edital na movimentação na carreira;Restaurar janela minimizada;Maximizar tela;;;;;;;
377;CADASTRO;Edital na movimentação na carreira;Fechar através do ícone;Fechar tela;;;;;;;
378;CADASTRO;Edital na movimentação na carreira;Limpar;Utilizar o botão e verificar se os campos foram limpos;;;;;;;
379;CADASTRO;Edital na movimentação na carreira;Fechar;Utilizar o botão e verificar se a tela foi fechada;;;;;;;
380;CADASTRO;Processo de turma de recurso;Cadastrar;Registrar um processo de turma de recurso;;;;;;;
381;CADASTRO;Processo de turma de recurso;Cadastrar pessoa;Registrar uma pessoa;;;;;;;
382;CADASTRO;Processo de turma de recurso;Abrir cadastro;Abrir cadastro;;;;;;;
383;CADASTRO;Processo de turma de recurso;Abrir pasta digital;Abrir pasta digital;;;;;;;
384;CADASTRO;Processo de turma de recurso;Emitir documento;Emitir documento;;;;;;;
385;CADASTRO;Processo de turma de recurso;Consulta básica;Consultar cadastro;;;;;;;
386;CADASTRO;Processo de turma de recurso;Gerenciador de arquivos;Abrir o gerenciador de arquivos;;;;;;;
387;CADASTRO;Processo de turma de recurso;Redistribuir;Redistribuir;;;;;;;
388;CADASTRO;Processo de turma de recurso;Copiar cadastro;Copiar cadastro;;;;;;;
389;CADASTRO;Processo de turma de recurso;Copiar documento;Copiar documento;;;;;;;
390;CADASTRO;Processo de turma de recurso;Imprimir etiqueta;Imprimir todas as opções de etiquetas;;;;;;;
391;CADASTRO;Processo de turma de recurso;Solicitação de Apoio;Gerar solicitação de apoio a partir do cadastro;;;;;;;
392;CADASTRO;Processo de turma de recurso;Agenda;Abrir agenda;;;;;;;
393;CADASTRO;Processo de turma de recurso;Compromisso;Cadastrar compromisso;;;;;;;
394;CADASTRO;Processo de turma de recurso;Auditoria de acessos;Auditar acessos;;;;;;;
395;CADASTRO;Processo de turma de recurso;Abas;Testar todas as abas, campo a campo;;;;;;;
396;CADASTRO;Processo de turma de recurso;Quebra de texto no campo objeto;Verificar se ao digitar até o fim da tela, o sistema quebra o texto;;;;;;;
397;CADASTRO;Processo de turma de recurso;Limite do campo objeto;Digitar até 4000 caracteres e verificar se há bloqueio antes disso;;;;;;;
398;CADASTRO;Processo de turma de recurso;Barra de rolagem no campo objeto;Verificar se é habilitado a barra de rolagem quando o campo é preenchido;;;;;;;
399;CADASTRO;Processo de turma de recurso;Minimizar através do ícone;Minimizar tela;;;;;;;
400;CADASTRO;Processo de turma de recurso;Restaurar janela minimizada;Maximizar tela;;;;;;;
401;CADASTRO;Processo de turma de recurso;Fechar através do ícone;Fechar tela;;;;;;;
402;CADASTRO;Processo de turma de recurso;Limpar;Utilizar o botão e verificar se os campos foram limpos;;;;;;;
403;CADASTRO;Processo de turma de recurso;Fechar;Utilizar o botão e verificar se a tela foi fechada;;;;;;;
404;CADASTRO;Solicitação de acesso à informação;Cadastrar;Registrar uma solicitação de acesso à informação;;;;;;;
405;CADASTRO;Solicitação de acesso à informação;Cadastrar pessoa;Registrar uma pessoa;;;;;;;
406;CADASTRO;Solicitação de acesso à informação;Abrir cadastro;Abrir cadastro;;;;;;;
407;CADASTRO;Solicitação de acesso à informação;Abrir pasta digital;Abrir pasta digital;;;;;;;
408;CADASTRO;Solicitação de acesso à informação;Emitir documento;Emitir documento;;;;;;;
409;CADASTRO;Solicitação de acesso à informação;Consulta básica;Consultar cadastro;;;;;;;
410;CADASTRO;Solicitação de acesso à informação;Gerenciador de arquivos;Abrir o gerenciador de arquivos;;;;;;;
411;CADASTRO;Solicitação de acesso à informação;Redistribuir;Redistribuir;;;;;;;
412;CADASTRO;Solicitação de acesso à informação;Solicitação de Apoio;Gerar solicitação de apoio a partir do cadastro;;;;;;;
413;CADASTRO;Solicitação de acesso à informação;Imprimir etiqueta;Imprimir todas as opções de etiquetas;;;;;;;
414;CADASTRO;Solicitação de acesso à informação;Agenda;Abrir agenda;;;;;;;
415;CADASTRO;Solicitação de acesso à informação;Compromisso;Cadastrar compromisso;;;;;;;
416;CADASTRO;Solicitação de acesso à informação;Senha de acesso;Gerar senha para acesso ao cadastro via web;;;;;;;
417;CADASTRO;Solicitação de acesso à informação;Registrar recurso por omissão;Registrar recurso por omissão;;;;;;;
418;CADASTRO;Solicitação de acesso à informação;Registrar recurso por indeferimento;Registrar recurso por indeferimento e verificar se houve o registro de movimento;;;;;;;
419;CADASTRO;Solicitação de acesso à informação;Auditoria de acessos;Auditar acessos;;;;;;;
420;CADASTRO;Solicitação de acesso à informação;Abas;Testar todas as abas, campo a campo;;;;;;;
421;CADASTRO;Solicitação de acesso à informação;Quebra de texto no campo solicitação;Verificar se ao digitar até o fim da tela, o sistema quebra o texto;;;;;;;
422;CADASTRO;Solicitação de acesso à informação;Limite do campo solicitação;Digitar até 4000 caracteres e verificar se há bloqueio antes disso;;;;;;;
423;CADASTRO;Solicitação de acesso à informação;Barra de rolagem no campo solicitação;Verificar se é habilitado a barra de rolagem quando o campo é preenchido;;;;;;;
424;CADASTRO;Solicitação de acesso à informação;Minimizar através do ícone;Minimizar tela;;;;;;;
425;CADASTRO;Solicitação de acesso à informação;Restaurar janela minimizada;Maximizar tela;;;;;;;
426;CADASTRO;Solicitação de acesso à informação;Fechar através do ícone;Fechar tela;;;;;;;
427;CADASTRO;Solicitação de acesso à informação;Limpar;Utilizar o botão e verificar se os campos foram limpos;;;;;;;
428;CADASTRO;Solicitação de acesso à informação;Fechar;Utilizar o botão e verificar se a tela foi fechada;;;;;;;
429;CADASTRO;Recurso por omissão;Cadastrar;Registrar um recurso por omissão;;;;;;;
430;CADASTRO;Recurso por omissão;Cadastrar pessoa;Registrar uma pessoa;;;;;;;
431;CADASTRO;Recurso por omissão;Abrir cadastro;Abrir cadastro;;;;;;;
432;CADASTRO;Recurso por omissão;Abrir pasta digital;Abrir pasta digital;;;;;;;
433;CADASTRO;Recurso por omissão;Emitir documento;Emitir documento;;;;;;;
434;CADASTRO;Recurso por omissão;Consulta básica;Consultar cadastro;;;;;;;
435;CADASTRO;Recurso por omissão;Gerenciador de arquivos;Abrir o gerenciador de arquivos;;;;;;;
436;CADASTRO;Recurso por omissão;Redistribuir;Redistribuir;;;;;;;
437;CADASTRO;Recurso por omissão;Solicitação de Apoio;Gerar solicitação de apoio a partir do cadastro;;;;;;;
438;CADASTRO;Recurso por omissão;Imprimir etiqueta;Imprimir todas as opções de etiquetas;;;;;;;
439;CADASTRO;Recurso por omissão;Agenda;Abrir agenda;;;;;;;
440;CADASTRO;Recurso por omissão;Compromisso;Cadastrar compromisso;;;;;;;
441;CADASTRO;Recurso por omissão;Senha de acesso;Gerar senha para acesso ao cadastro via web;;;;;;;
442;CADASTRO;Recurso por omissão;Auditoria de acessos;Auditar acessos;;;;;;;
443;CADASTRO;Recurso por omissão;Abas;Testar todas as abas, campo a campo;;;;;;;
444;CADASTRO;Recurso por omissão;Último número para pesquisa;Informar o número do último cadastro;;;;;;;
445;CADASTRO;Recurso por omissão;Quebra de texto no campo recurso por omissão;Verificar se ao digitar até o fim da tela, o sistema quebra o texto;;;;;;;
446;CADASTRO;Recurso por omissão;Limite do campo recurso por omissão;Digitar até 4000 caracteres e verificar se há bloqueio antes disso;;;;;;;
447;CADASTRO;Recurso por omissão;Barra de rolagem no campo recurso por omissão;Verificar se é habilitado a barra de rolagem quando o campo é preenchido;;;;;;;
448;CADASTRO;Recurso por omissão;Minimizar através do ícone;Minimizar tela;;;;;;;
449;CADASTRO;Recurso por omissão;Restaurar janela minimizada;Maximizar tela;;;;;;;
450;CADASTRO;Recurso por omissão;Fechar através do ícone;Fechar tela;;;;;;;
451;CADASTRO;Recurso por omissão;Limpar;Utilizar o botão e verificar se os campos foram limpos;;;;;;;
452;CADASTRO;Recurso por omissão;Fechar;Utilizar o botão e verificar se a tela foi fechada;;;;;;;
453;CADASTRO;Corregedoria;Cadastrar;Registrar um cadastro da corregedoria;;;;;;;
454;CADASTRO;Corregedoria;Cadastrar pessoa;Registrar uma pessoa;;;;;;;
455;CADASTRO;Corregedoria;Abrir cadastro;Abrir cadastro;;;;;;;
456;CADASTRO;Corregedoria;Abrir pasta digital;Abrir pasta digital;;;;;;;
457;CADASTRO;Corregedoria;Emitir documento;Emitir documento;;;;;;;
458;CADASTRO;Corregedoria;Consulta básica;Consultar cadastro;;;;;;;
459;CADASTRO;Corregedoria;Gerenciador de arquivos;Abrir o gerenciador de arquivos;;;;;;;
460;CADASTRO;Corregedoria;Redistribuir;Redistribuir;;;;;;;
461;CADASTRO;Corregedoria;Copiar cadastro;Copiar cadastro;;;;;;;
462;CADASTRO;Corregedoria;Copiar documento;Copiar documento;;;;;;;
463;CADASTRO;Corregedoria;Evoluir;Evoluir;;;;;;;
464;CADASTRO;Corregedoria;Verificar o nível de sigilo após evolução;Verificar se o nível de sigilo foi mantido na evolução;;;;;;;
465;CADASTRO;Corregedoria;Imprimir etiqueta;Imprimir todas as opções de etiquetas;;;;;;;
466;CADASTRO;Corregedoria;Solicitação de Apoio;Gerar solicitação de apoio a partir do cadastro;;;;;;;
467;CADASTRO;Corregedoria;Agenda;Abrir agenda;;;;;;;
468;CADASTRO;Corregedoria;Compromisso;Cadastrar compromisso;;;;;;;
469;CADASTRO;Corregedoria;Senha de acesso;Gerar senha para acesso ao cadastro via web;;;;;;;
470;CADASTRO;Corregedoria;Auditoria de acessos;Auditar acessos;;;;;;;
471;CADASTRO;Corregedoria;Abas;Testar todas as abas, campo a campo;;;;;;;
472;CADASTRO;Corregedoria;Último número para pesquisa;Informar o número do último cadastro;;;;;;;
473;CADASTRO;Corregedoria;Quebra de texto no campo objeto;Verificar se ao digitar até o fim da tela, o sistema quebra o texto;;;;;;;
474;CADASTRO;Corregedoria;Limite do campo objeto;Digitar até 4000 caracteres e verificar se há bloqueio antes disso;;;;;;;
475;CADASTRO;Corregedoria;Barra de rolagem no campo objeto;Verificar se é habilitado a barra de rolagem quando o campo é preenchido;;;;;;;
476;CADASTRO;Corregedoria;Minimizar através do ícone;Minimizar tela;;;;;;;
477;CADASTRO;Corregedoria;Restaurar janela minimizada;Maximizar tela;;;;;;;
478;CADASTRO;Corregedoria;Fechar através do ícone;Fechar tela;;;;;;;
479;CADASTRO;Corregedoria;Limpar;Utilizar o botão e verificar se os campos foram limpos;;;;;;;
480;CADASTRO;Corregedoria;Fechar;Utilizar o botão e verificar se a tela foi fechada;;;;;;;
481;CADASTRO;Notícia de fato eleitoral;Cadastrar;Registrar uma notícia de fato;;;;;;;
482;CADASTRO;Notícia de fato eleitoral;Cadastrar pessoa;Registrar uma pessoa;;;;;;;
483;CADASTRO;Notícia de fato eleitoral;Abrir cadastro;Abrir cadastro;;;;;;;
484;CADASTRO;Notícia de fato eleitoral;Abrir pasta digital;Abrir pasta digital;;;;;;;
485;CADASTRO;Notícia de fato eleitoral;Emitir documento;Emitir documento;;;;;;;
486;CADASTRO;Notícia de fato eleitoral;Consulta básica;Consultar cadastro;;;;;;;
487;CADASTRO;Notícia de fato eleitoral;Gerenciador de arquivos;Abrir o gerenciador de arquivos;;;;;;;
488;CADASTRO;Notícia de fato eleitoral;Redistribuir;Redistribuir;;;;;;;
489;CADASTRO;Notícia de fato eleitoral;Copiar cadastro;Copiar cadastro;;;;;;;
490;CADASTRO;Notícia de fato eleitoral;Copiar documento;Copiar documento;;;;;;;
491;CADASTRO;Notícia de fato eleitoral;Evoluir;Evoluir;;;;;;;
492;CADASTRO;Notícia de fato eleitoral;Verificar o nível de sigilo após evolução;Verificar se o nível de sigilo foi mantido na evolução;;;;;;;
493;CADASTRO;Notícia de fato eleitoral;Solicitação de Apoio;Gerar solicitação de apoio a partir do cadastro;;;;;;;
494;CADASTRO;Notícia de fato eleitoral;Imprimir etiqueta;Imprimir todas as opções de etiquetas;;;;;;;
495;CADASTRO;Notícia de fato eleitoral;Emitir recibo;Emitir recibo;;;;;;;
496;CADASTRO;Notícia de fato eleitoral;Agenda;Abrir agenda;;;;;;;
497;CADASTRO;Notícia de fato eleitoral;Compromisso;Cadastrar compromisso;;;;;;;
498;CADASTRO;Notícia de fato eleitoral;Auditoria de acessos;Auditar acessos;;;;;;;
499;CADASTRO;Notícia de fato eleitoral;Abas;Testar todas as abas, campo a campo;;;;;;;
500;CADASTRO;Notícia de fato eleitoral;Último número para pesquisa;Informar o número do último cadastro;;;;;;;
501;CADASTRO;Notícia de fato eleitoral;Quebra de texto no campo objeto;Verificar se ao digitar até o fim da tela, o sistema quebra o texto;;;;;;;
502;CADASTRO;Notícia de fato eleitoral;Limite do campo objeto;Digitar até 4000 caracteres e verificar se há bloqueio antes disso;;;;;;;
503;CADASTRO;Notícia de fato eleitoral;Barra de rolagem no campo objeto;Verificar se é habilitado a barra de rolagem quando o campo é preenchido;;;;;;;
504;CADASTRO;Notícia de fato eleitoral;Minimizar através do ícone;Minimizar tela;;;;;;;
505;CADASTRO;Notícia de fato eleitoral;Restaurar janela minimizada;Maximizar tela;;;;;;;
506;CADASTRO;Notícia de fato eleitoral;Fechar através do ícone;Fechar tela;;;;;;;
507;CADASTRO;Notícia de fato eleitoral;Limpar;Utilizar o botão e verificar se os campos foram limpos;;;;;;;
508;CADASTRO;Notícia de fato eleitoral;Fechar;Utilizar o botão e verificar se a tela foi fechada;;;;;;;
509;CADASTRO;Processos do STJ;Cadastrar;Registrar uma notícia de fato;;FABRICIO;ITEM DESABILITADO;;;;
510;CADASTRO;Processos do STJ;Cadastrar pessoa;Registrar uma pessoa;;FABRICIO;ITEM DESABILITADO;;;;
511;CADASTRO;Processos do STJ;Abrir cadastro;Abrir cadastro;;FABRICIO;ITEM DESABILITADO;;;;
512;CADASTRO;Processos do STJ;Abrir pasta digital;Abrir pasta digital;;FABRICIO;ITEM DESABILITADO;;;;
513;CADASTRO;Processos do STJ;Emitir documento;Emitir documento;;FABRICIO;ITEM DESABILITADO;;;;
514;CADASTRO;Processos do STJ;Consulta básica;Consultar cadastro;;FABRICIO;ITEM DESABILITADO;;;;
515;CADASTRO;Processos do STJ;Gerenciador de arquivos;Abrir o gerenciador de arquivos;;FABRICIO;ITEM DESABILITADO;;;;
516;CADASTRO;Processos do STJ;Redistribuir;Redistribuir;;FABRICIO;ITEM DESABILITADO;;;;
517;CADASTRO;Processos do STJ;Copiar cadastro;Copiar cadastro;;FABRICIO;ITEM DESABILITADO;;;;
518;CADASTRO;Processos do STJ;Copiar documento;Copiar documento;;FABRICIO;ITEM DESABILITADO;;;;
519;CADASTRO;Processos do STJ;Evoluir;Evoluir;;FABRICIO;ITEM DESABILITADO;;;;
520;CADASTRO;Processos do STJ;Verificar o nível de sigilo após evolução;Verificar se o nível de sigilo foi mantido na evolução;;FABRICIO;ITEM DESABILITADO;;;;
521;CADASTRO;Processos do STJ;Solicitação de Apoio;Gerar solicitação de apoio a partir do cadastro;;FABRICIO;ITEM DESABILITADO;;;;
522;CADASTRO;Processos do STJ;Imprimir etiqueta;Imprimir todas as opções de etiquetas;;FABRICIO;ITEM DESABILITADO;;;;
523;CADASTRO;Processos do STJ;Emitir recibo;Emitir recibo;;FABRICIO;ITEM DESABILITADO;;;;
524;CADASTRO;Processos do STJ;Agenda;Abrir agenda;;FABRICIO;ITEM DESABILITADO;;;;
525;CADASTRO;Processos do STJ;Compromisso;Cadastrar compromisso;;FABRICIO;ITEM DESABILITADO;;;;
526;CADASTRO;Processos do STJ;Auditoria de acessos;Auditar acessos;;FABRICIO;ITEM DESABILITADO;;;;
527;CADASTRO;Processos do STJ;Abas;Testar todas as abas, campo a campo;;FABRICIO;ITEM DESABILITADO;;;;
528;CADASTRO;Processos do STJ;Último número para pesquisa;Informar o número do último cadastro;;FABRICIO;ITEM DESABILITADO;;;;
529;CADASTRO;Processos do STJ;Quebra de texto no campo objeto;Verificar se ao digitar até o fim da tela, o sistema quebra o texto;;FABRICIO;ITEM DESABILITADO;;;;
530;CADASTRO;Processos do STJ;Limite do campo objeto;Digitar até 4000 caracteres e verificar se há bloqueio antes disso;;FABRICIO;ITEM DESABILITADO;;;;
531;CADASTRO;Processos do STJ;Barra de rolagem no campo objeto;Verificar se é habilitado a barra de rolagem quando o campo é preenchido;;FABRICIO;ITEM DESABILITADO;;;;
532;CADASTRO;Processos do STJ;Minimizar através do ícone;Minimizar tela;;FABRICIO;ITEM DESABILITADO;;;;
533;CADASTRO;Processos do STJ;Restaurar janela minimizada;Maximizar tela;;FABRICIO;ITEM DESABILITADO;;;;
534;CADASTRO;Processos do STJ;Fechar através do ícone;Fechar tela;;FABRICIO;ITEM DESABILITADO;;;;
535;CADASTRO;Processos do STJ;Limpar;Utilizar o botão e verificar se os campos foram limpos;;FABRICIO;ITEM DESABILITADO;;;;
536;CADASTRO;Processos do STJ;Fechar;Utilizar o botão e verificar se a tela foi fechada;;FABRICIO;ITEM DESABILITADO;;;;
537;CADASTRO;Procedimento preparatório eleitoral;Cadastrar;Registrar um procedimento preparatório eleitoral;;;;;;;
538;CADASTRO;Procedimento preparatório eleitoral;Cadastrar pessoa;Registrar uma pessoa;;;;;;;
539;CADASTRO;Procedimento preparatório eleitoral;Abrir cadastro;Abrir cadastro;;;;;;;
540;CADASTRO;Procedimento preparatório eleitoral;Abrir pasta digital;Abrir pasta digital;;;;;;;
541;CADASTRO;Procedimento preparatório eleitoral;Emitir documento;Emitir documento;;;;;;;
542;CADASTRO;Procedimento preparatório eleitoral;Emitir portaria;Emitir portaria de instauração do procedimento;;;;;;;
543;CADASTRO;Procedimento preparatório eleitoral;Consulta básica;Consultar cadastro;;;;;;;
544;CADASTRO;Procedimento preparatório eleitoral;Gerenciador de arquivos;Abrir o gerenciador de arquivos;;;;;;;
545;CADASTRO;Procedimento preparatório eleitoral;Redistribuir;Redistribuir;;;;;;;
546;CADASTRO;Procedimento preparatório eleitoral;Copiar cadastro;Copiar cadastro;;;;;;;
547;CADASTRO;Procedimento preparatório eleitoral;Copiar documento;Copiar documento;;;;;;;
548;CADASTRO;Procedimento preparatório eleitoral;Evoluir;Evoluir;;;;;;;
549;CADASTRO;Procedimento preparatório eleitoral;Verificar o nível de sigilo após evolução;Verificar se o nível de sigilo foi mantido na evolução;;;;;;;
550;CADASTRO;Procedimento preparatório eleitoral;Solicitação de Apoio;Gerar solicitação de apoio a partir do cadastro;;;;;;;
551;CADASTRO;Procedimento preparatório eleitoral;Imprimir etiqueta;Imprimir todas as opções de etiquetas;;;;;;;
552;CADASTRO;Procedimento preparatório eleitoral;Agenda;Abrir agenda;;;;;;;
553;CADASTRO;Procedimento preparatório eleitoral;Compromisso;Cadastrar compromisso;;;;;;;
554;CADASTRO;Procedimento preparatório eleitoral;Senha de acesso;Gerar senha para acesso ao cadastro via web;;;;;;;
555;CADASTRO;Procedimento preparatório eleitoral;Auditoria de acessos;Auditar acessos;;;;;;;
556;CADASTRO;Procedimento preparatório eleitoral;Abas;Testar todas as abas, campo a campo;;;;;;;
557;CADASTRO;Procedimento preparatório eleitoral;Último número para pesquisa;Informar o número do último cadastro;;;;;;;
558;CADASTRO;Procedimento preparatório eleitoral;Quebra de texto no campo objeto;Verificar se ao digitar até o fim da tela, o sistema quebra o texto;;;;;;;
559;CADASTRO;Procedimento preparatório eleitoral;Limite do campo objeto;Digitar até 4000 caracteres e verificar se há bloqueio antes disso;;;;;;;
560;CADASTRO;Procedimento preparatório eleitoral;Barra de rolagem no campo objeto;Verificar se é habilitado a barra de rolagem quando o campo é preenchido;;;;;;;
561;CADASTRO;Procedimento preparatório eleitoral;Minimizar através do ícone;Minimizar tela;;;;;;;
562;CADASTRO;Procedimento preparatório eleitoral;Restaurar janela minimizada;Maximizar tela;;;;;;;
563;CADASTRO;Procedimento preparatório eleitoral;Fechar através do ícone;Fechar tela;;;;;;;
564;CADASTRO;Procedimento preparatório eleitoral;Limpar;Utilizar o botão e verificar se os campos foram limpos;;;;;;;
565;CADASTRO;Procedimento preparatório eleitoral;Fechar;Utilizar o botão e verificar se a tela foi fechada;;;;;;;
566;CADASTRO;Processo eleitoral;Cadastrar;Registrar um processo eleitoral;;;;;;;
567;CADASTRO;Processo eleitoral;Cadastrar pessoa;Registrar uma pessoa;;;;;;;
568;CADASTRO;Processo eleitoral;Abrir cadastro;Abrir cadastro;;;;;;;
569;CADASTRO;Processo eleitoral;Abrir pasta digital;Abrir pasta digital;;;;;;;
570;CADASTRO;Processo eleitoral;Emitir documento;Emitir documento;;;;;;;
571;CADASTRO;Processo eleitoral;Consulta básica;Consultar cadastro;;;;;;;
572;CADASTRO;Processo eleitoral;Gerenciador de arquivos;Abrir o gerenciador de arquivos;;;;;;;
573;CADASTRO;Processo eleitoral;Redistribuir;Redistribuir;;;;;;;
574;CADASTRO;Processo eleitoral;Colaboração especial;Utilizar a funcionalidade;;;;;;;
575;CADASTRO;Processo eleitoral;Promotoria de origem;Utilizar a funcionalidade;;;;;;;
576;CADASTRO;Processo eleitoral;Copiar cadastro;Copiar cadastro;;;;;;;
577;CADASTRO;Processo eleitoral;Copiar documento;Copiar documento;;;;;;;
578;CADASTRO;Processo eleitoral;Solicitação de Apoio;Gerar solicitação de apoio a partir do cadastro;;;;;;;
579;CADASTRO;Processo eleitoral;Tela cheia;Utilizar a funcionalidade;;;;;;;
580;CADASTRO;Processo eleitoral;Visualizar pasta digital do TJ;Visualizar pasta digital do TJ;;;;;;;
581;CADASTRO;Processo eleitoral;Agenda;Abrir agenda;;;;;;;
582;CADASTRO;Processo eleitoral;Compromisso;Cadastrar compromisso;;;;;;;
583;CADASTRO;Processo eleitoral;Senha de acesso;Gerar senha para acesso ao cadastro via web;;;;;;;
584;CADASTRO;Processo eleitoral;Gerar protocoliza inicial;Gerar movimentação de protocoliza inicial;;;;;;;
585;CADASTRO;Processo eleitoral;Auditoria de acessos;Auditar acessos;;;;;;;
586;CADASTRO;Processo eleitoral;Abas;Testar todas as abas, campo a campo;;;;;;;
587;CADASTRO;Processo eleitoral;Último número para pesquisa;Informar o número do último cadastro;;;;;;;
588;CADASTRO;Processo eleitoral;Quebra de texto no campo objeto da ação;Verificar se ao digitar até o fim da tela, o sistema quebra o texto;;;;;;;
589;CADASTRO;Processo eleitoral;Limite do campo objeto da ação;Digitar até 4000 caracteres e verificar se há bloqueio antes disso;;;;;;;
590;CADASTRO;Processo eleitoral;Barra de rolagem no campo objeto da ação;Verificar se é habilitado a barra de rolagem quando o campo é preenchido;;;;;;;
591;CADASTRO;Processo eleitoral;Minimizar através do ícone;Minimizar tela;;;;;;;
592;CADASTRO;Processo eleitoral;Restaurar janela minimizada;Maximizar tela;;;;;;;
593;CADASTRO;Processo eleitoral;Fechar através do ícone;Fechar tela;;;;;;;
594;CADASTRO;Processo eleitoral;Limpar;Utilizar o botão e verificar se os campos foram limpos;;;;;;;
595;CADASTRO;Processo eleitoral;Fechar;Utilizar o botão e verificar se a tela foi fechada;;;;;;;
596;CADASTRO;Corregedoria demais opções;Cadastro de promotores em estágio probatório;Cadastrar um membro em estágio probatório;;;;;;;
597;CADASTRO;Corregedoria demais opções;Consulta avançada de atividades;Utilizar a funcionalidade e todas as suas possíveis opções;;;;;;;
598;CADASTRO;Corregedoria demais opções;Consulta de correições deste órgão;Utilizar a funcionalidade e todas as suas possíveis opções;;;;;;;
599;CADASTRO;Corregedoria demais opções;Indicação de análise pela corregedoria;Verificar se os documentos indicados estão sendo apresentados;;;;;;;
600;CADASTRO;Corregedoria demais opções;Inspeções ou vistorias;Utilizar a funcionalidade e todas as suas possíveis opções;;;;;;;
601;CADASTRO;Corregedoria demais opções;Pedidos de explicações;Utilizar a funcionalidade e todas as suas possíveis opções;;;;;;;
602;CADASTRO;Corregedoria demais opções;Consulta de outras lotações;Consultar o fluxo de outras lotações através do fluxo da Corregedoria;;;;;;;
603;CADASTRO;Cadastro controlado;Cadastro controlado;Testar cadastro controlado de pessoas, vínculos e demais abas.;;;;;;;
604;SAJMP;Consulta de documentos;Abrir tela;Abrir tela;;;;;;;
605;SAJMP;Consulta de documentos;Filtrar por membro responsável;Utilizar o campo membro responsável;;;;;;;
606;SAJMP;Consulta de documentos;Filtrar por período;Realizar pesquisa por período;;;;;;;
607;SAJMP;Consulta de documentos;Filtrar apenas os documentos indicados para análise pela corregedoria;Utilizar o filtro por indicação;;;;;;;
608;SAJMP;Consulta de documentos;Validar resultados;A partir de um perfil de membro e um perfil de não membro;;;;;;;
609;SAJMP;Consulta de documentos;Filtrar por membro responsável com função de membro;Utilizar o campo membro responsável utilizando a função de membro no acesso;;;;;;;
610;SAJMP;Editor de texto;Abrir o editor de texto;Abrir o editor de texto;;;;;;;
611;SAJMP;Editor de texto;Salvar documento;Salvar o documento;;;;;;;
612;SAJMP;Editor de texto;Finalizar;Utilizar esse modo de finalização e testar;;;;;;;
613;SAJMP;Editor de texto;Finalizar e aguardar liberação;Utilizar esse modo de finalização e testar;;;;;;;
614;SAJMP;Editor de texto;Finalizar e assinar;Utilizar esse modo de finalização e testar;;;;;;;
615;SAJMP;Editor de texto;Finalizar, assinar e peticionar;Utilizar esse modo de finalização e testar;;;;;;;
616;SAJMP;Editor de texto;Inserir complemento da movimentação;Testar funcionalidade e avaliar o resultado;;;;;;;
617;SAJMP;Editor de texto;Inserir observação;Testar funcionalidade e avaliar o resultado;;;;;;;
618;SAJMP;Editor de texto;Abrir a tela de campos do documento;Testar funcionalidade e avaliar o resultado;;;;;;;
619;SAJMP;Editor de texto;Abrir pasta digital do TJ;Testar funcionalidade e avaliar o resultado;;;;;;;
620;SAJMP;Editor de texto;Abrir pasta digital do MP;Testar funcionalidade e avaliar o resultado;;;;;;;
621;SAJMP;Editor de texto;Centralizar texto;Testar funcionalidade e avaliar o resultado;;;;;;;
622;SAJMP;Editor de texto;Justificar texto;Testar funcionalidade e avaliar o resultado;;;;;;;
623;SAJMP;Editor de texto;Alinhar texto à direita;Testar funcionalidade e avaliar o resultado;;;;;;;
624;SAJMP;Editor de texto;Alinhar texto à esquerda;Testar funcionalidade e avaliar o resultado;;;;;;;
625;SAJMP;Editor de texto;Aumentar tamanho da fonte;Testar funcionalidade e avaliar o resultado;;;;;;;
626;SAJMP;Editor de texto;Diminiur tamanho da fonte;Testar funcionalidade e avaliar o resultado;;;;;;;
627;SAJMP;Editor de texto;Alterar fonte;Testar funcionalidade e avaliar o resultado;;;;;;;
628;SAJMP;Editor de texto;Mostrar e ocultar caracteres especiais;Testar funcionalidade e avaliar o resultado;;;;;;;
629;SAJMP;Editor de texto;Exibir layout normal;Testar funcionalidade e avaliar o resultado;;;;;;;
630;SAJMP;Editor de texto;Exibir layout;Testar funcionalidade e avaliar o resultado;;;;;;;
631;SAJMP;Editor de texto;Exibir layout com cabeçalho e rodapé;Testar funcionalidade e avaliar o resultado;;;;;;;
632;SAJMP;Editor de texto;Exibir layout com duas páginas;Testar funcionalidade e avaliar o resultado;;;;;;;
633;SAJMP;Editor de texto;Desfazer um alteração;Testar funcionalidade e avaliar o resultado;;;;;;;
634;SAJMP;Editor de texto;Refazer uma alteração;Testar funcionalidade e avaliar o resultado;;;;;;;
635;SAJMP;Editor de texto;Copiar;Testar funcionalidade e avaliar o resultado;;;;;;;
636;SAJMP;Editor de texto;Recortar;Testar funcionalidade e avaliar o resultado;;;;;;;
637;SAJMP;Editor de texto;Colar;Testar funcionalidade e avaliar o resultado;;;;;;;
638;SAJMP;Editor de texto;Colar especial;Testar funcionalidade e avaliar o resultado;;;;;;;
639;SAJMP;Editor de texto;Selecionar tudo;Testar funcionalidade e avaliar o resultado;;;;;;;
640;SAJMP;Editor de texto;Editar valor do campo;Testar funcionalidade e avaliar o resultado;;;;;;;
641;SAJMP;Editor de texto;Quebrar vínculo do campo;Testar funcionalidade e avaliar o resultado;;;;;;;
642;SAJMP;Editor de texto;Excluir campo;Testar funcionalidade e avaliar o resultado;;;;;;;
643;SAJMP;Editor de texto;Excluir campo com resultado de atualização vazio;Testar funcionalidade e avaliar o resultado;;;;;;;
644;SAJMP;Editor de texto;Localizar;Testar funcionalidade e avaliar o resultado;;;;;;;
645;SAJMP;Editor de texto;Substituir;Testar funcionalidade e avaliar o resultado;;;;;;;
646;SAJMP;Editor de texto;Formatar fonte;Testar funcionalidade e avaliar o resultado;;;;;;;
647;SAJMP;Editor de texto;Formatar parágrafo;Testar funcionalidade e avaliar o resultado;;;;;;;
648;SAJMP;Editor de texto;Formatar marcadores e numerações;Testar funcionalidade e avaliar o resultado;;;;;;;
649;SAJMP;Editor de texto;Formatar bordas e sombreamento;Testar funcionalidade e avaliar o resultado;;;;;;;
650;SAJMP;Editor de texto;Formatar tabulação;Testar funcionalidade e avaliar o resultado;;;;;;;
651;SAJMP;Editor de texto;Formatar maiúsculas e minúsculas;Testar funcionalidade e avaliar o resultado;;;;;;;
652;SAJMP;Editor de texto;Formatar estilos;Testar funcionalidade e avaliar o resultado;;;;;;;
653;SAJMP;Editor de texto;Testar a edição do rodapé e cabeçalho;Testar opções disponíveis;;;;;;;
654;SAJMP;Editor de texto;Copiar e colar;Testar execução de cópia e colagem do Word pro Editor de texto;;;;;;;
655;SAJMP;Editor de texto;Exigir nome do membro para movimentos que obrigam;Verificar se um movimento que obriga informar o nome do membro está exijindo o preenchimento;;;;;;;
656;SAJMP;Editor de texto;Exigir nome do membro para movimentos que não obrigam;Verificar se um movimento que não obriga informar o nome do membro está exijindo o preenchimento;;;;;;;
657;SAJMP;Editor de texto;Tratamento das partes sigilosas nas mesclagem dos campos na emissão de documentos;Verificar se o tratamento de dados das partes sigilosas estão sendo devidamente tratados por meio dos campos automáticos;;;;;;;
658;SAJMP;Editor de texto;Inserir quebra;Testar funcionalidade e avaliar o resultado;;;;;;;
659;SAJMP;Editor de texto;Inserir número de página;Testar funcionalidade e avaliar o resultado;;;;;;;
660;SAJMP;Editor de texto;Inserir data e hora;Testar funcionalidade e avaliar o resultado;;;;;;;
661;SAJMP;Editor de texto;Inserir símbolo;Testar funcionalidade e avaliar o resultado;;;;;;;
662;SAJMP;Editor de texto;Inserir notas de rodapé;Testar funcionalidade e avaliar o resultado;;;;;;;
663;SAJMP;Editor de texto;Inserir hyperlink;Testar funcionalidade e avaliar o resultado;;;;;;;
664;SAJMP;Editor de texto;Inserir caixa de texto;Testar funcionalidade e avaliar o resultado;;;;;;;
665;SAJMP;Editor de texto;Inserir figura;Testar funcionalidade e avaliar o resultado;;;;;;;
666;SAJMP;Editor de texto;Inserir arquivo;Testar funcionalidade e avaliar o resultado;;;;;;;
667;SAJMP;Editor de texto;Inserir brasão;Testar funcionalidade e avaliar o resultado;;;;;;;
668;SAJMP;Editor de texto;Inserir assinatura;Testar funcionalidade e avaliar o resultado;;;;;;;
669;SAJMP;Editor de texto;Novo documento;Testar funcionalidade e avaliar o resultado;;;;;;;
670;SAJMP;Editor de texto;Novo documento externo;Testar funcionalidade e avaliar o resultado;;;;;;;
671;SAJMP;Editor de texto;Abrir gerenciador de arquivos;Testar funcionalidade e avaliar o resultado;;;;;;;
672;SAJMP;Editor de texto;Abrir;Testar funcionalidade e avaliar o resultado;;;;;;;
673;SAJMP;Editor de texto;Renomear documento;Testar funcionalidade e avaliar o resultado;;;;;;;
674;SAJMP;Editor de texto;Salvar todos;Testar funcionalidade e avaliar o resultado;;;;;;;
675;SAJMP;Editor de texto;Enviar por e-mail o documento;Testar funcionalidade e avaliar o resultado;;;;;;;
676;SAJMP;Editor de texto;Enviar por e-mail o documento como anexo;Testar funcionalidade e avaliar o resultado;;;;;;;
677;SAJMP;Editor de texto;Enviar por e-mail o PDF do documento como anexo;Testar funcionalidade e avaliar o resultado;;;;;;;
678;SAJMP;Editor de texto;Importar documento;Testar funcionalidade e avaliar o resultado;;;;;;;
679;SAJMP;Editor de texto;Exportar documento;Testar funcionalidade e avaliar o resultado;;;;;;;
680;SAJMP;Editor de texto;Configurar impressora;Testar funcionalidade e avaliar o resultado;;;;;;;
681;SAJMP;Editor de texto;Visualizar impressão;Testar funcionalidade e avaliar o resultado;;;;;;;
682;SAJMP;Editor de texto;Imprimir;Testar funcionalidade e avaliar o resultado;;;;;;;
683;SAJMP;Editor de texto;Imprimir todos;Testar funcionalidade e avaliar o resultado;;;;;;;
684;SAJMP;Editor de texto;Abrir propriedades do documento através do ícone;Testar funcionalidade e avaliar o resultado;;;;;;;
685;SAJMP;Editor de texto;Abrir propriedades do documento através do menu;Testar funcionalidade e avaliar o resultado;;;;;;;
686;SAJMP;Editor de texto;Fechar o documento e salvar;Testar funcionalidade e avaliar o resultado;;;;;;;
687;SAJMP;Editor de texto;Fechar o documento e não salvar;Testar funcionalidade e avaliar o resultado;;;;;;;
688;SAJMP;Editor de texto;Cancelar a tela de confirmação ao fechar o documento sem salvar;Testar funcionalidade e avaliar o resultado;;;;;;;
689;SAJMP;Editor de texto;Maximizar editor de texto;Testar funcionalidade e avaliar o resultado;;;;;;;
690;SAJMP;Editor de texto;Minimizar editor de texto;Testar funcionalidade e avaliar o resultado;;;;;;;
691;SAJMP;Editor de texto;Configurar a pasta digital do TJ para abrir automaticamente;Testar funcionalidade e avaliar o resultado;;;;;;;
692;SAJMP;Editor de texto;Fechar o documento;Testar funcionalidade e avaliar o resultado;;;;;;;
693;SAJMP;Editor de texto;Fechar o editor;Testar funcionalidade e avaliar o resultado;;;;;;;
694;SAJMP;Menu editor;Emissão de documentos;Abrir tela;;;;;;;
695;SAJMP;Menu editor;Cadastro de modelo de instituição;Abrir tela;;;;;;;
696;SAJMP;Menu editor;Cadastro de modelo de documento;Abrir tela;;;;;;;
697;SAJMP;Menu editor;Gerenciador de arquivos;Abrir tela;;;;;;;
698;SAJMP;Menu editor;Cadastro de autotextos;Abrir tela;;;;;;;
699;SAJMP;Menu editor;Editor de documentos;Abrir tela;;;;;;;
700;SAJMP;Menu editor;Documentos recentes;Abrir tela;;;;;;;
701;SAJMP;Menu editor;Configurações do usuário;Abrir tela;;;;;;;
702;SAJMP;Menu arquivo;Incluir novo modelo de instituição;Testar funcionalidade e avaliar o resultado;;;;;;;
703;SAJMP;Menu arquivo;Incluir novo modelo de documento;Testar funcionalidade e avaliar o resultado;;;;;;;
704;SAJMP;Menu arquivo;Incluir novo documento;Testar funcionalidade e avaliar o resultado;;;;;;;
705;SAJMP;Menu arquivo;Excluir;Testar funcionalidade e avaliar o resultado;;;;;;;
706;SAJMP;Menu arquivo;Renomear;Testar funcionalidade e avaliar o resultado;;;;;;;
707;SAJMP;Menu arquivo;Visualizar as propriedades do documento;Testar funcionalidade e avaliar o resultado;;;;;;;
708;SAJMP;Menu arquivo;Testar funcionalidade de versão;Testar funcionalidade e avaliar o resultado;;;;;;;
709;SAJMP;Menu arquivo;Abrir o cadastro de modelo;Testar funcionalidade e avaliar o resultado;;;;;;;
710;SAJMP;Menu arquivo;Compartilhar / Copiar Modelo;Testar funcionalidade e avaliar o resultado;;;;;;;
711;SAJMP;Menu arquivo;Imprimir;Testar funcionalidade e avaliar o resultado;;;;;;;
712;SAJMP;Menu arquivo;Imprimir resultado;Testar funcionalidade e avaliar o resultado;;;;;;;
713;SAJMP;Menu arquivo;Fechar;Testar funcionalidade e avaliar o resultado;;;;;;;
714;SAJMP;Menu editar;Selecionar tudo;Testar funcionalidade e avaliar o resultado;;;;;;;
715;SAJMP;Menu editar;Inverter seleção;Testar funcionalidade e avaliar o resultado;;;;;;;
716;SAJMP;Menu exibir;Marcar e desmarcar a opção pesquisar;Testar funcionalidade e avaliar o resultado;;;;;;;
717;SAJMP;Menu exibir;Marcar e desmarcar a opção pastas;Testar funcionalidade e avaliar o resultado;;;;;;;
718;SAJMP;Menu exibir;Marcar e desmarcar a opção assinaturas digitais;Testar funcionalidade e avaliar o resultado;;;;;;;
719;SAJMP;Menu exibir;Marcar e desmarcar a opção legendas;Testar funcionalidade e avaliar o resultado;;;;;;;
720;SAJMP;Menu exibir;Marcar e desmarcar a opção visualizar arquivo;Testar funcionalidade e avaliar o resultado;;;;;;;
721;SAJMP;Menu exibir;Marcar e desmarcar a opção visualizar motivo documento sem efeito;Testar funcionalidade e avaliar o resultado;;;;;;;
722;SAJMP;Menu exibir;Marcar e desmarcar a opção observações;Testar funcionalidade e avaliar o resultado;;;;;;;
723;SAJMP;Menu exibir;Configurar colunas;Testar funcionalidade e avaliar o resultado;;;;;;;
724;SAJMP;Menu exibir;Restaurar colunas padrão;Testar funcionalidade e avaliar o resultado;;;;;;;
725;SAJMP;Menu exibir;Testar a funcionalidade agrupar;Testar funcionalidade e avaliar o resultado;;;;;;;
726;SAJMP;Menu exibir;Atualizar;Testar funcionalidade e avaliar o resultado;;;;;;;
727;SAJMP;Menu ferramentas;Visualizar todos os modelos;Testar funcionalidade e avaliar o resultado;;;;;;;
728;SAJMP;Menu ferramentas;Visualizar documentos sem efeito;Testar funcionalidade e avaliar o resultado;;;;;;;
729;SAJMP;Menu ferramentas;Abrir a opção enviar E-mail;Testar funcionalidade e avaliar o resultado;;;;;;;
730;SAJMP;Menu ferramentas;Finalizar / Liberar nos Autos Digitais;Testar funcionalidade e avaliar o resultado;;;;;;;
731;SAJMP;Menu ferramentas;Assinar documento;Testar funcionalidade e avaliar o resultado;;;;;;;
732;SAJMP;Menu ferramentas;Expandir tudo;Testar funcionalidade e avaliar o resultado;;;;;;;
733;SAJMP;Menu ferramentas;Contrair tudo;Testar funcionalidade e avaliar o resultado;;;;;;;
734;SAJMP;Menu andamento;Movimentação unitária;Abrir janela e testar;;;;;;;
735;SAJMP;Menu andamento;Pendência e prazo;Abrir janela e testar;;;;;;;
736;SAJMP;Menu andamento;Cancelamento;Abrir janela e testar;;;;;;;
737;SAJMP;Menu andamento;Restauração;Abrir janela e testar;;;;;;;
738;SAJMP;Menu andamento;Finalização;Abrir janela e testar;;;;;;;
739;SAJMP;Menu andamento;Arquivamento;Abrir janela e testar;;;;;;;
740;SAJMP;Menu andamento;Desarquivamento;Abrir janela e testar;;;;;;;
741;SAJMP;Menu andamento;Histórico de petições;Abrir janela e testar;;;;;;;
742;SAJMP;Menu andamento;Fluxo de trabalho;Abrir janela e testar;;;;;;;
743;SAJMP;Menu andamento;Cadastro de pessoa de acesso externo;Abrir janela e testar;;;;;;;
744;SAJMP;Menu andamento;Senha de cadastros;Abrir janela e testar;;;;;;;
745;SAJMP;Menu andamento;Histórico de senhas de cadastros;Abrir janela e testar;;;;;;;
746;SAJMP;Menu andamento;Consulta de usuários indicados;Abrir janela e testar;;;;;;;
747;SAJMP;Menu andamento;Agenda de compromissos;Abrir janela e testar;;;;;;;
748;SAJMP;Menu andamento;Excluir distribuição;Abrir janela e testar;;;;;;;
749;SAJMP;Menu carga;Remessa;Abrir janela e testar;;;;;;;
750;SAJMP;Menu carga;Carga e importação;Abrir janela e testar;;;;;;;
751;SAJMP;Menu carga;Pasta digital do TJ;Abrir janela e testar;;;;;;;
752;SAJMP;Menu carga;Reemisão de comprovante;Abrir janela e testar;;;;;;;
753;SAJMP;Menu apoio;Habilitar bloqueio da estação de trabalho;Abrir janela e testar;;;;;;;
754;SAJMP;Menu apoio;Utilizar segundo monitor para pasta digital;Testar funcionalidade no monitor principal e secundário;;;;;;;
755;SAJMP;Menu apoio;Tamanho da fonte;Testar tamanho da fonte em todas as telas em que se aplica;;;;;;;
756;SAJMP;Emissão de documentos;Emitir documento com vínculo;Emitir documento com vinculação;;;;;;;
757;SAJMP;Emissão de documentos;Emitir documento sem vínculo;Emitir documento sem vinculação;;;;;;;
758;SAJMP;Emissão de documentos;Verificar numeração de documentos;Testar numeração de documento com e sem vínculo;;;;;;;
759;SAJMP;Emissão de documentos;Alterar numeração da categoria do documento;Trocar a numeração e verificar se irá gerar o número na sequência;;;;;;;
760;SAJMP;Emissão de documentos;Testar campos automáticos;Testar os campos e suas quebras;;;;;;;
761;SAJMP;Emissão de documentos;Assinar documento com e sem vínculo;Assinar documento com e sem vínculo;;;;;;;
762;SAJMP;Emissão de documentos;Testar todos menus e demais opções;Testar todos os menus e suas demais opções;;;;;;;
763;SAJMP;Emissão de documentos;Emitir documento em cadastro sigiloso;Emitir documento em cadastro sigiloso;;;;;;;
764;SAJMP;Emissão de documentos;Emitir documento em cadastro sigiloso por indicação;Emitir documento em cadastro sigiloso por indicação de acesso;;;;;;;
765;SAJMP;Emissão de documentos;Indicar documento não finalizado para consulta pela corregedoria;Utilizar esse modo de finalização e testar;;;;;;;
766;SAJMP;Emissão de documentos;Indicar documento já finalizado para consulta pela corregedoria;Testar novamente a finalização de um documento e agora marcar a opção de indicação que antes não havia sido marcada;;;;;;;
767;SAJMP;Consulta de documentos;Cadastro de promotores em estágio probatório;Cadastrar um membro em estágio probatório;;;;;;;
768;SAJMP;Consulta de documentos;Consulta avançada de atividades;Utilizar a funcionalidade e todas as suas possíveis opções;;;;;;;
769;SAJMP;Consulta de documentos;Consulta de correições deste órgão;Utilizar a funcionalidade e todas as suas possíveis opções;;;;;;;
770;SAJMP;Consulta de documentos;Indicação de análise pela corregedoria;Verificar se os documentos indicados estão sendo apresentados;;;;;;;
771;SAJMP;Consulta de documentos;Inspeções ou vistorias;Utilizar a funcionalidade e todas as suas possíveis opções;;;;;;;
772;SAJMP;Consulta de documentos;Pedidos de explicações;Utilizar a funcionalidade e todas as suas possíveis opções;;;;;;;
773;SAJMP;Consulta de documentos;Consulta de outras lotações;Consultar o fluxo de outras lotações através do fluxo da Corregedoria;;;;;;;
774;SAJMP;Cadastro de modelo;Cadastrar modelo de instituição;Cadastrar modelo de instituição e testá-lo;;;;;;;
775;SAJMP;Cadastro de modelo;Cadastrar modelo de grupo;Cadastrar modelo de grupo e testá-lo;;;;;;;
776;SAJMP;Cadastro de modelo;Cadastrar modelo de usuário;Cadastrar modelo de usuário e testá-lo;;;;;;;
777;SAJMP;Cadastro de modelo;Cadastrar modelo de grupo sem vínculo;Cadastrar modelo de usuário e testá-lo;;;;;;;
778;SAJMP;Cadastro de modelo;Cadastrar modelo de usuário sem vínculo;Cadastrar modelo de usuário e testá-lo;;;;;;;
779;SAJMP;Gerenciador de arquivos;Testar gerenciador de arquivos e suas funções;Testar todas as opções de consulta, menus e pastas;;;;;;;
780;SAJMP;Gerenciador de arquivos;Testar peticionamento em lote;Testar o peticionamento em lote;;;;;;;
781;SAJMP;Gerenciador de arquivos;Testar opções adicionais de pesquisa;Testar opções adicionais de pesquisa;;;;;;;
782;SAJMP;Gerenciador de arquivos;Testar pesquisa textual por documento chamado;Testar a pesquisa textual no campo mencionado;;;;;;;
783;SAJMP;Gerenciador de arquivos;Testar pesquisa textual para documentos que contenham o texto;Testar a pesquisa textual no campo mencionado;;;;;;;
784;SAJMP;Gerenciador de arquivos;Testar funções no contexto do botão direito do mouse;Testar opções disponíveis;;;;;;;
785;SAJMP;Gerenciador de arquivos;Pesquisar um cadastro e utilizar os atalhos de pasta e pesquisa;Após pesquisar um cadastro, utilizar os atalhos de acesso à aba pasta e pesquisa;;;;;;;
786;SAJMP;Gerenciador de arquivos;Categoria;Testar preenchimento da informação na coluna;;;;;;;
787;SAJMP;Gerenciador de arquivos;Código do modelo;Testar preenchimento da informação na coluna;;;;;;;
788;SAJMP;Gerenciador de arquivos;Data de criação;Testar preenchimento da informação na coluna;;;;;;;
789;SAJMP;Gerenciador de arquivos;Data de exclusão;Testar preenchimento da informação na coluna;;;;;;;
790;SAJMP;Gerenciador de arquivos;Data de finalização;Testar preenchimento da informação na coluna;;;;;;;
791;SAJMP;Gerenciador de arquivos;Endereço da cópia local;Testar preenchimento da informação na coluna;;;;;;;
792;SAJMP;Gerenciador de arquivos;Grupo;Testar preenchimento da informação na coluna;;;;;;;
793;SAJMP;Gerenciador de arquivos;Nº Judiciário;Testar preenchimento da informação na coluna;;;;;;;
794;SAJMP;Gerenciador de arquivos;Nº MP;Testar preenchimento da informação na coluna;;;;;;;
795;SAJMP;Gerenciador de arquivos;Nome;Testar preenchimento da informação na coluna;;;;;;;
796;SAJMP;Gerenciador de arquivos;Nr. documento;Testar preenchimento da informação na coluna;;;;;;;
797;SAJMP;Gerenciador de arquivos;Nr. ofício;Testar preenchimento da informação na coluna;;;;;;;
798;SAJMP;Gerenciador de arquivos;Pasta;Testar preenchimento da informação na coluna;;;;;;;
799;SAJMP;Gerenciador de arquivos;Pasta do documento;Testar preenchimento da informação na coluna;;;;;;;
800;SAJMP;Gerenciador de arquivos;Sigla categoria;Testar preenchimento da informação na coluna;;;;;;;
801;SAJMP;Gerenciador de arquivos;Somente leitura;Testar preenchimento da informação na coluna;;;;;;;
802;SAJMP;Gerenciador de arquivos;Tipo de processo;Testar preenchimento da informação na coluna;;;;;;;
803;SAJMP;Gerenciador de arquivos;Última alteração;Testar preenchimento da informação na coluna;;;;;;;
804;SAJMP;Gerenciador de arquivos;Usuário da última alteração;Testar preenchimento da informação na coluna;;;;;;;
805;SAJMP;Gerenciador de arquivos;Usuário de criação;Testar preenchimento da informação na coluna;;;;;;;
806;SAJMP;Gerenciador de arquivos;Pesquisar por documeto;Efetuar pesquisa de Documento - Por data;LSE Ativo (Flag Usar LSE);;;;;;
807;SAJMP;Gerenciador de arquivos;Pesquisar por documeto;Efetuar pesquisa de Documento - Por data e Modo de finalização;;;;;;;
808;SAJMP;Gerenciador de arquivos;Pesquisar por documeto;Efetuar pesquisa de Documento - Por data e Participação do usuário;;;;;;;
809;SAJMP;Gerenciador de arquivos;Pesquisar por documeto;Efetuar pesquisa de Documento - Por data e Documentos chamados;;;;;;;
810;SAJMP;Gerenciador de arquivos;Pesquisar por documeto;Efetuar pesquisa de Documento - Por data e Documentos que contenham;;;;;;;
811;SAJMP;Gerenciador de arquivos;Pesquisar por documeto;Efetuar pesquisa de Documento - Pesquisa com filtros adicionais;;;;;;;
812;SAJMP;Gerenciador de arquivos;Pesquisar por modelo;Efetuar pesquisa de Modelo - Por data;;;;;;;
813;SAJMP;Gerenciador de arquivos;Pesquisar por modelo;Efetuar pesquisa de Modelo - Por data e Modelos chamados;;;;;;;
814;SAJMP;Gerenciador de arquivos;Pesquisar por modelo;Efetuar pesquisa de Modelo - Por data e Modelos que contenham;;;;;;;
815;SAJMP;Gerenciador de arquivos;Pesquisar por modelo;Efetuar pesquisa de Modelo - Pesquisa com filtros adicionais;;;;;;;
816;SAJMP;Gerenciador de arquivos;Outras opções;Efetuar verificação e execução de tarefas dos botões;LSE Desativado (Flag Usar LSE);;;;;;
817;SAJMP;Gerenciador de arquivos;Outras opções;Efetuar emissão de Novo Modelo através do botão Criar um Novo Modelo (Na barra superior);;;;;;;
818;SAJMP;Gerenciador de arquivos;Outras opções;Efetuar emissão de Novo Modelo através do Menu Arquivo >> Novo - Selecionar um dos tipos de Modelo;;;;;;;
819;SAJMP;Gerenciador de arquivos;Outras opções;Efetuar a Visualizção de Arquivo (Editor Simplificado Desabilitado);;;;;;;
820;SAJMP;Gerenciador de arquivos;Outras opções;Efetuar o compartilhamento de Documentos/Modelos com Usuário;;;;;;;
821;SAJMP;Gerenciador de arquivos;Outras opções;Efetuar o compartilhamento de Documentos/Modelos com Grupo;;;;;;;
822;SAJMP;Gerenciador de arquivos;Outras opções;Efetuar a impressão de Arquivos (Botão Impressora na barra superior);;;;;;;
823;SAJMP;Gerenciador de arquivos;Outras opções;Efetuar a impressão de Resultado através do Menu Arquivo >> Imprimir resultado;;;;;;;
824;SAJMP;Gerenciador de arquivos;Outras opções;Efetuar acesso a Pasta dos Documentos;;;;;;;
825;SAJMP;Gerenciador de arquivos;Outras opções;Verificar a propriedade de documentos (Menu de Contexto >> Propriedades);;;;;;;
826;SAJMP;Gerenciador de arquivos;Outras opções;Conferir ícones da Legenda;;;;;;;
827;SAJMP;Pasta digital do MP;Abrir pasta digital do MP;Abrir pasta digital do MP;;;;;;;
828;SAJMP;Pasta digital do MP;Juntar documento;Juntar PDF;;;;;;;
829;SAJMP;Pasta digital do MP;Juntar imagem;Juntar imagem (JPG);;;;;;;
830;SAJMP;Pasta digital do MP;Importar gravação;Importar gravação;;;;;;;
831;SAJMP;Pasta digital do MP;Testar propriedades do documento não liberado após importar;Clicar com o botão direito do mouse em documento aguardando liberação;;;;;;;
832;SAJMP;Pasta digital do MP;Testar propriedades do documento liberado após importar;Clicar com o botão direito do mouse em documento aguardando liberação;;;;;;;
833;SAJMP;Pasta digital do MP;Editor de documentos;Testar pasta digital do MP através do editor de documentos;;;;;;;
834;SAJMP;Pasta digital do MP;Gerenciador de arquivos;Testar pasta digital do MP através do gerenciador de arquivos;;;;;;;
835;SAJMP;Pasta digital do MP;Fluxo de trabalho;Testar pasta digital do MP através do fluxo de trabalho;;;;;;;
836;SAJMP;Pasta digital do MP;Abrir pasta digital do MP através da tela de cadastro;Testar pasta digital do MP com a pasta digital já aberta;;;;;;;
837;SAJMP;Pasta digital do MP;Liberação de documentos;Liberar documento aguardando liberação;;;;;;;
838;SAJMP;Pasta digital do MP;Exclusão de documentos;Excluir documento aguardando liberação;;;;;;;
839;SAJMP;Pasta digital do MP;Excluir página de PDF;Excluir página de PDF aguardando liberação;;;;;;;
840;SAJMP;Pasta digital do MP;Tornar documento sem efeito;Tornar documento sem efeito;;;;;;;
841;SAJMP;Pasta digital do MP;Assinar documento;Assinar documento liberado;;;;;;;
842;SAJMP;Pasta digital do MP;Propriedades do documento;Testar propriedade de um documento aguardando liberação;;;;;;;
843;SAJMP;Pasta digital do MP;Propriedades do documento;Testar propriedade de um documento liberado;;;;;;;
844;SAJMP;Pasta digital do MP;Girar no sentido horário;Girar no sentido horário;;;;;;;
845;SAJMP;Pasta digital do MP;Girar no sentido anti-horário;Girar no sentido anti-horário;;;;;;;
846;SAJMP;Pasta digital do MP;Recategorizar documento;Recategorizar documento aguardando liberação;;;;;;;
847;SAJMP;Pasta digital do MP;Recategorizar documento e analisar;Analisar se não foram registrados movimentos no cadastro após recategorização;;;;;;;
848;SAJMP;Pasta digital do MP;Salvar o documento antes de recategorizar;Verificar se o documento foi recategorizado de forma correta;;;;;;;
849;SAJMP;Pasta digital do MP;Não salvar o documento e clicar diretamente na página e recategorizar;Verificar se o documento foi recategorizado de forma correta;;;;;;;
850;SAJMP;Pasta digital do MP;Exportar;Exportar documento;;;;;;;
851;SAJMP;Pasta digital do MP;Exportar documento com combinação entre documentos;Exportar documento entre documentos;;;;;;;
852;SAJMP;Pasta digital do MP;Imprimir;Imprimir documentos/peças;;;;;;;
853;SAJMP;Pasta digital do MP;Imprimir documento assinado digitalmente;Imprimir documento assinado digitamente e verificar se o nome do usuário que assinou o documento é impresso;;;;;;;
854;SAJMP;Pasta digital do MP;Imprimir documento assinado digitalmente;Imprimir documento assinado digitamente e verificar se a data da assinatura é impressa;;;;;;;
855;SAJMP;Pasta digital do MP;Expandir;Expandir árvore de documentos;;;;;;;
856;SAJMP;Pasta digital do MP;Recolher;Recolher árvore de documentos;;;;;;;
857;SAJMP;Pasta digital do MP;Expandir tudo com atalho;Testar o comando CTRL + SHIFT + + na raíz do número do cadastro;;;;;;;
858;SAJMP;Pasta digital do MP;Expandir graudal com ataho;Testar o comando + na raíz do documento;;;;;;;
859;SAJMP;Pasta digital do MP;Recolher tudo com ataho;Testar o comando CTRL + SHIFT + - na raíz do número do cadastro;;;;;;;
860;SAJMP;Pasta digital do MP;Recolher gradual com ataho;Testar o comando - na raíz do documento;;;;;;;
861;SAJMP;Pasta digital do MP;Adicionar anotação;Adicionar anotação;;;;;;;
862;SAJMP;Pasta digital do MP;Exibir anotação;Exibir anotação;;;;;;;
863;SAJMP;Pasta digital do MP;Excluir anotação;Excluir anotação;;;;;;;
864;SAJMP;Pasta digital do MP;Pesquisar página;Pesquisar página;;;;;;;
865;SAJMP;Pasta digital do MP;Ferramenta de mão;Utilizar a ferramenta de mão;;;;;;;
866;SAJMP;Pasta digital do MP;Selecionar texto;Utilizar a ferramenta de seleção de texto;;;;;;;
867;SAJMP;Pasta digital do MP;Ocultar peças processuais;Ocultar peças processuais;;;;;;;
868;SAJMP;Pasta digital do MP;Mostrar peças processuais;Mostrar peças processuais;;;;;;;
869;SAJMP;Pasta digital do MP;Ajustar largura;Ajustar largura do documento;;;;;;;
870;SAJMP;Pasta digital do MP;Ajustar página;Ajustar página do documento;;;;;;;
871;SAJMP;Pasta digital do MP;Zoom;Testar zoom da pasta digital do MP;;;;;;;
872;SAJMP;Pasta digital do MP;Mostrar documento emitido no gerenciador;Mostrar documento emitido no gerenciador de arquivos;;;;;;;
873;SAJMP;Pasta digital do MP;Carregamento da pasta digital do MP;Testar carregamento da pasta digital do MP para evitar duplicidade;;;;;;;
874;SAJMP;Pasta digital do MP;Carregamento da pasta digital do MP;Testar velocidade do carregamento da pasta digital do MP;;;;;;;
875;SAJMP;Pasta digital do MP;Anotação por página;Testar anotação por página;;;;;;;
876;SAJMP;Pasta digital do MP;Anotação por data;Testar anotação por data;;;;;;;
877;SAJMP;Pasta digital do MP;Atualizar pasta digital do MP;Atualizar pasta digital do MP;;;;;;;
878;SAJMP;Pasta digital do MP;Reabrir pasta digital do MP;Abrir novamente a pasta digital do MP com pasta digital do MP já aberta;;;;;;;
879;SAJMP;Pasta digital do MP;Pasta digital do MP no primeiro monitor;Testar abrir pasta digital do MP no primeiro monitor;;;;;;;
880;SAJMP;Pasta digital do MP;Pasta digital do MP no segundo monitor;Testar abrir pasta digital do MP no segundo monitor;;;;;;;
881;SAJMP;Pasta digital do MP;Checar compressão do documento;Analisar a taxa de compressão do documento convertido em PDF;;;;;;;
882;SAJMP;Pasta digital do MP;Pasta digital do MP para cadastros ativos em outras lotações;Testar consulta da pasta digital do MP para cadastros ativos;;;;;;;
883;SAJMP;Pasta digital do MP;Pasta digital do MP para cadastros inativos em outras lotações;Testar consulta da pasta digital do MP para cadastros inativos;;;;;;;
884;SAJMP;Pasta digital do MP;Salvar;Salvar alterações na pasta digital;;;;;;;
885;SAJMP;Pasta digital do MP;Limpar;Limpar pasta digital;;;;;;;
886;SAJMP;Pasta digital do MP;Fechar;Fechar pasta digital;;;;;;;
887;SAJMP;Pasta digital do MP - 2º Monitor;Abertura da Pasta digita do MP;Abrir a Pasta Digital do MP atráves Menu Cadastro;;;;;;;
888;SAJMP;Pasta digital do MP - 2º Monitor;Abertura da Pasta digita do MP;Abrir a Pasta Digital do MP atráves da Tela Status de Importação;;;;;;;
889;SAJMP;Pasta digital do MP - 2º Monitor;Abertura da Pasta digita do MP;Abrir a Pasta Digital do MP atráves de Cadastro no Fluxo de Trabalho (Atividade do menu de contexto);;;;;;;
890;SAJMP;Pasta digital do MP - 2º Monitor;Abertura da Pasta digita do MP;Abrir a Pasta Digital do MP atráves de Cadastro na Consulta Aberta (Botão nos dados da consulta onde os processos são apresentados);;;;;;;
891;SAJMP;Pasta digital do MP - 2º Monitor;Abertura da Pasta digita do MP;Abrir a Pasta Digital do MP atráves de Cadastro na Consulta Avançada (Atividade do menu de contexto);;;;;;;
892;SAJMP;Pasta digital do MP - 2º Monitor;Abertura da Pasta digita do MP;Abrir a Pasta Digital do MP atráves de Cadastro na Consulta Básica (Atividade do menu de contexto);;;;;;;
893;SAJMP;Pasta digital do MP;Importação, Liberação e Assinatura de Documentos na Pasta Digital do MP;Importar documentos através do botão Nova Peça (Importação individual das páginas);  Parâmetro 51497 = N ;;;;;;
894;SAJMP;Pasta digital do MP;Importação, Liberação e Assinatura de Documentos na Pasta Digital do MP;Importar documentos com mais de 1000 páginas através do botão Nova Peça (Importação individual das páginas);;;;;;;
895;SAJMP;Pasta digital do MP;Importação, Liberação e Assinatura de Documentos na Pasta Digital do MP;Importar documentos através do Scanner;;;;;;;
896;SAJMP;Pasta digital do MP;Importação, Liberação e Assinatura de Documentos na Pasta Digital do MP;Assinar documento durante a Liberação de Documentos para os Autos;;;;;;;
897;SAJMP;Pasta digital do MP;Importação, Liberação e Assinatura de Documentos na Pasta Digital do MP;Liberar documentos nos Autos através do botão Liberar nos autos digitais;;;;;;;
898;SAJMP;Pasta digital do MP;Importação, Liberação e Assinatura de Documentos na Pasta Digital do MP;Liberar documentos nos Autos através do botão Liberar nos autos digitais no menu de contexto;;;;;;;
899;SAJMP;Pasta digital do MP;Importação, Liberação e Assinatura de Documentos na Pasta Digital do MP;Liberar documentos nos Autos através do Menu Arquivo >> Peças aguardando liberação >> Liberar nos autos digitais;;;;;;;
900;SAJMP;Pasta digital do MP;Importação, Liberação e Assinatura de Documentos na Pasta Digital do MP;Importar documentos através do Menu Arquivo >> Importar do documento >> Nova Peça (Importação individual das páginas);;;;;;;
901;SAJMP;Pasta digital do MP;Importação, Liberação e Assinatura de Documentos na Pasta Digital do MP;Assinar documento durante a Liberação de Documentos para os Autos importados pelo Menu Arquivo >> Importar do documento >> Nova Peça;;;;;;;
902;SAJMP;Pasta digital do MP;Importação, Liberação e Assinatura de Documentos na Pasta Digital do MP;Assinar documentos já Liberado nos Autos;;;;;;;
903;SAJMP;Pasta digital do MP;Importação, Liberação e Assinatura de Documentos na Pasta Digital do MP;Assinar documentos já assinados e liberados nos Autos;;;;;;;
904;SAJMP;Pasta digital do MP;Importação, Liberação e Assinatura de Documentos na Pasta Digital do MP;Assinar certidão de documento tornado sem efeito;;;;;;;
905;SAJMP;Pasta digital do MP;Importação, Liberação e Assinatura de Documentos na Pasta Digital do MP;Tentar assinar documentos ainda não liberados no autos;;;;;;;
906;SAJMP;Pasta digital do MP;Importação, Liberação e Assinatura de Documentos na Pasta Digital do MP;Importar documentos com mais de 1000 páginas através do botão Nova Peça (Importação de 10 em 10 páginas);;;;;;;
907;SAJMP;Pasta digital do MP;Importação, Liberação e Assinatura de Documentos na Pasta Digital do MP;Importar documentos através do Scanner;Parâmetro 51497 = S ;;;;;;
908;SAJMP;Pasta digital do MP;Importação, Liberação e Assinatura de Documentos na Pasta Digital do MP;Liberar documentos nos Autos através do botão Liberar nos autos digitais no menu de contexto;;;;;;;
909;SAJMP;Pasta digital do MP;Importação, Liberação e Assinatura de Documentos na Pasta Digital do MP;Liberar documentos nos Autos através do Menu Arquivo >> Peças aguardando liberação >> Liberar nos autos digitais;;;;;;;
910;SAJMP;Pasta digital do MP;Importação, Liberação e Assinatura de Documentos na Pasta Digital do MP;Importar documentos através do Menu Arquivo >> Importar do documento >> Nova Peça  (Importação de 10 em 10 páginas);;;;;;;
911;SAJMP;Pasta digital do MP;Importação, Liberação e Assinatura de Documentos na Pasta Digital do MP;Assinar documento durante a Liberação de Documentos para os Autos importados pelo Menu Arquivo >> Importar do documento >> Nova Peça;;;;;;;
912;SAJMP;Pasta digital do MP;Importação, Liberação e Assinatura de Documentos na Pasta Digital do MP;Assinar certidão de documento tornado sem efeito;;;;;;;
913;SAJMP;Pasta digital do MP;Importação, Liberação e Assinatura de Documentos na Pasta Digital do MP;Tentar assinar documentos ainda não liberados no autos;;;;;;;
914;SAJMP;Pasta digital do MP;Anotações em documentos digitalizados;Incluir Anotação usando o Menu de Contexto >> Incluir anotação;;;;;;;
915;SAJMP;Pasta digital do MP;Anotações em documentos digitalizados;Incluir mais de uma Anotação usando o botão Incluir anotação;;;;;;;
916;SAJMP;Pasta digital do MP;Anotações em documentos digitalizados;Exibir/Ocultar Anotações  via botão Exibir/Ocultar anotações;;;;;;;
917;SAJMP;Pasta digital do MP;Anotações em documentos digitalizados;Excluir Anotação de páginas liberadas nos autos;;;;;;;
918;SAJMP;Pasta digital do MP;Anotações em documentos digitalizados;Alterar dados de Anotação de páginas liberadas nos autos;;;;;;;
919;SAJMP;Pasta digital do MP;Anotações em documentos digitalizados;Verificar exibição dos dados na Aba Anotações por Página;;;;;;;
920;SAJMP;Pasta digital do MP;Anotações em documentos digitalizados;Verificar exibição dos dados na Aba Anotações por Data;;;;;;;
921;SAJMP;Pasta digital do MP;Tornar documento sem efeito;Tornar um documento emitido pelo editor sem efeito atraveés do Botão Tornar sem efeito;;;;;;;
922;SAJMP;Pasta digital do MP;Tornar documento sem efeito;Tornar um documento sem efeito atraveés do Menu de contexto >> Tornar sem efeito;;;;;;;
923;SAJMP;Pasta digital do MP;Tornar documento sem efeito;Tornar  sem efeito do um documento do editor e copiado de outro cadastro;;;;;;;
924;SAJMP;Pasta digital do MP;Tornar documento sem efeito;Tornar sem efeito do um documento importado e copiado de outro cadastro;;;;;;;
925;SAJMP;Pasta digital do MP;Tornar documento sem efeito;Verificar a exibição de documentos tornados sem efeito (Checkbox Mostrar peças sem efeito);;;;;;;
926;SAJMP;Pasta digital do MP;Exclusão de documentos na Pasta Digital do MP;Verificar a exibição de todos as páginas de um documento emitido pelo Editor de Documentos;;;;;;;
927;SAJMP;Pasta digital do MP;Exclusão de documentos na Pasta Digital do MP;Verificar a exibição de todos as páginas de um documento importado ;;;;;;;
928;SAJMP;Pasta digital do MP;Exclusão de documentos na Pasta Digital do MP;Verificar a exibição de todos as páginas de um documento tornado sem efeito;;;;;;;
929;SAJMP;Pasta digital do MP;Separar, Alterar e Recategorizar tipo de documento;Efetuar a separação de documentos digitais em documentos importados e liberados nos autos;;;;;;;
930;SAJMP;Pasta digital do MP;Separar, Alterar e Recategorizar tipo de documento;Efetuar a separação de documentos emitidos pelo Editor de Documentos e liberados nos autos (Não é possível realizar a operação);;;;;;;
931;SAJMP;Pasta digital do MP;Separar, Alterar e Recategorizar tipo de documento;Recategorizar para outro tipo de documento em documentos importados e liberados nos autos;;;;;;;
932;SAJMP;Pasta digital do MP;Separar, Alterar e Recategorizar tipo de documento;Recategorizar para outro tipo de documento em documentos emitidos pelo Editor e liberados nos autos (Não é possível realizar a operação);;;;;;;
933;SAJMP;Pasta digital do MP;Separar, Alterar e Recategorizar tipo de documento;Recategorizar para outro tipo de documento em documentos emitidos pelo Editor e aguardando liberação (Não é possível realizar a operação);;;;;;;
934;SAJMP;Pasta digital do MP;Impressão de Documentos ;Imprimir documentos liberados nos autos e que tenham documentos sem efeito (Usar opção de Imprimir também páginas sem efeito);;;;;;;
935;SAJMP;Pasta digital do MP;Exibição, Navegação e Seleção de documentos na árvore de páginas;Verificar a exibição de todos as páginas de um documento emitido pelo Editor de Documentos;;;;;;;
936;SAJMP;Pasta digital do MP;Exibição, Navegação e Seleção de documentos na árvore de páginas;Verificar a exibição de todos as páginas de um documento importado ;;;;;;;
937;SAJMP;Pasta digital do MP;Exibição, Navegação e Seleção de documentos na árvore de páginas;Verificar a exibição de todos as páginas de um documento tornado sem efeito;;;;;;;
938;SAJMP;Pasta digital do MP;Exibição, Navegação e Seleção de documentos na árvore de páginas;Verificar a exibição de todos as páginas de documentos não liberados nos autos;;;;;;;
939;SAJMP;Pasta digital do MP;Exibição, Navegação e Seleção de documentos na árvore de páginas;Navegar entre as páginas dos documentos com click do mouse;;;;;;;
940;SAJMP;Pasta digital do MP;Exibição, Navegação e Seleção de documentos na árvore de páginas;Navegar entre as páginas dos documentos utilizando o teclado;;;;;;;
941;SAJMP;Pasta digital do MP;Exibição, Navegação e Seleção de documentos na árvore de páginas;Navegar entre documentos com e sem efeito;;;;;;;
942;SAJMP;Pasta digital do MP;Exibição, Navegação e Seleção de documentos na árvore de páginas;Navegar entre documentos não liberados nos autos;;;;;;;
943;SAJMP;Pasta digital do MP;Exibição, Navegação e Seleção de documentos na árvore de páginas;Selecionar documentos pelo nodo principal do cadastro (Checkbox ao lado do número do cadastro);;;;;;;
944;SAJMP;Pasta digital do MP;Exibição, Navegação e Seleção de documentos na árvore de páginas;Selecionar documentos separadamente (Checkbox ao lado de cada tipo de documento);;;;;;;
945;SAJMP;Pasta digital do MP;Exibição, Navegação e Seleção de documentos na árvore de páginas;Selecionar todos os documentos separadamente e garantir que vai marcar o checkbox ao lado do número do cadastro (nodo principal);;;;;;;
946;SAJMP;Pasta digital do MP;Exibição, Navegação e Seleção de documentos na árvore de páginas;Selecionar documentos não liberados nos autos através do nodo principal do cadastro (Checkbox ao lado do número do cadastro);;;;;;;
947;SAJMP;Pasta digital do MP;Exibição, Navegação e Seleção de documentos na árvore de páginas;Selecionar documentos não liberados separadamente (Checkbox ao lado de cada tipo de documento);;;;;;;
948;SAJMP;Pasta digital do MP;Exibição, Navegação e Seleção de documentos na árvore de páginas;Selecionar todos os documentos não liberados os autos e garantir que vai marcar o checkbox ao lado do número do cadastro (nodo principal);;;;;;;
949;SAJMP;Pasta digital do MP;Outras ações da Pasta digital MP;Executar atividades vindas do Fluxo de Trabalho atrvés dos botões do Menu Fluxo de Trabalho;;;;;;;
950;SAJMP;Pasta digital do MP;Outras ações da Pasta digital MP;Verificar dados de Propriedades de documentos importados e/ou emitidos (Verificar Assinatura, Movimentação e Data da Movimentação);;;;;;;
951;SAJMP;Pasta digital do MP;Outras ações da Pasta digital MP;Verificar dados de Propriedades de documentos importados aguardando liberação (Não deve exibir dados de Assinatura e Movimentação);;;;;;;
952;SAJMP;Pasta digital do MP;Outras ações da Pasta digital MP;Scaneamento de Documentos;;;;;;;
953;SAJMP;Pasta digital do MP;Outras ações da Pasta digital MP;Ordenação de Páginas;;;;;;;
954;SAJMP;Pasta digital do MP;Outras ações da Pasta digital MP;Esconder Barra de Navegação Lateral;;;;;;;
955;SAJMP;Pasta digital do MP;Outras ações da Pasta digital MP;Opções de Zoom;;;;;;;
956;SAJMP;Pasta digital do MP;Outras ações da Pasta digital MP;Ferramenta mão;;;;;;;
957;SAJMP;Pasta digital do MP;Outras ações da Pasta digital MP;Ferramenta de selecionar texto;;;;;;;
958;SAJMP;Pasta digital do MP;Outras ações da Pasta digital MP;Ajuste de largura da página;;;;;;;
959;SAJMP;Pasta digital do MP;Outras ações da Pasta digital MP;Giro de Página;;;;;;;
960;SAJMP;Pasta digital do MP;Outras ações da Pasta digital MP;Minimizar/Maximizar Pasta Digital;;;;;;;
961;SAJMP;Pasta digital do MP;Outras ações da Pasta digital MP;Verificar se a tela pisca;;;;;;;
962;SAJMP;Pasta digital do TJ - 2º Monitor;Abrir a Pasta Digital do TJ;Abrir a pasta do Cadastro de Processo de 1º Grau através do Cadastro de Processo de 2º Grau;;;;;;;
963;SAJMP;Pasta digital do TJ - 2º Monitor;Exibição, Navegação e Seleção de documentos na árvore de páginas;Verificar a exibição de todos as páginas apresentadas na Pasta Digital do TJ;;;;;;;
964;SAJMP;Pasta digital do TJ - 2º Monitor;Exibição, Navegação e Seleção de documentos na árvore de páginas;Verificar a seleção de páginas apresentados na Pasta Digital do TJ;;;;;;;
965;SAJMP;Pasta digital do TJ - 2º Monitor;Exibição, Navegação e Seleção de documentos na árvore de páginas;Verificar a seleção de documentos apresentados na Pasta Digital do TJ;;;;;;;
966;SAJMP;Pasta digital do TJ - 2º Monitor;Exibição, Navegação e Seleção de documentos na árvore de páginas;Navegar entre as páginas dos documentos com click do mouse;;;;;;;
967;SAJMP;Pasta digital do TJ - 2º Monitor;Exibição, Navegação e Seleção de documentos na árvore de páginas;Navegar entre as páginas dos documentos utilizando o teclado;;;;;;;
968;SAJMP;Pasta digital do TJ - 2º Monitor;Efetuar Decisões;Efetuar decisão de Favorável através do botão na Pasta Digital do TJ;;;;;;;
969;SAJMP;Pasta digital do TJ - 2º Monitor;Efetuar Decisões;Efetuar decisão de Desfavorável através do botão na Pasta Digital do TJ;;;;;;;
970;SAJMP;Pasta digital do TJ - 2º Monitor;Efetuar Decisões;Efetuar decisão de Parcialmente Favorável através do botão na Pasta Digital do TJ;;;;;;;
971;SAJMP;Pasta digital do TJ - 2º Monitor;Anotações em Documentos;Incluir Anotação usando o Menu de Contexto >> Incluir anotação;;;;;;;
972;SAJMP;Pasta digital do TJ - 2º Monitor;Anotações em Documentos;Incluir mais de uma Anotação usando o botão Incluir anotação;;;;;;;
973;SAJMP;Pasta digital do TJ - 2º Monitor;Anotações em Documentos;Exibir/Ocultar Anotações  via botão Exibir/Ocultar anotações;;;;;;;
974;SAJMP;Pasta digital do TJ - 2º Monitor;Anotações em Documentos;Verificar exibição dos dados na Aba Anotações por Página;;;;;;;
975;SAJMP;Pasta digital do TJ - 2º Monitor;Anotações em Documentos;Verificar exibição dos dados na Aba Anotações por Data;;;;;;;
976;SAJMP;Pasta digital do TJ - 2º Monitor;Outras ações da Pasta digital TJ;Minimizar/Maximizar Pasta Digital do TJ;;;;;;;
977;SAJMP;Pasta digital do TJ - 2º Monitor;Outras ações da Pasta digital TJ;Verificar se a tela pisca;;;;;;;
978;SAJMP;Pasta digital do TJ - 2º Monitor;Outras ações da Pasta digital TJ;Opções de Zoom;;;;;;;
979;SAJMP;Pasta digital do TJ - 2º Monitor;Outras ações da Pasta digital TJ;Ajuste de largura da página;;;;;;;
980;SAJMP;Pasta digital do TJ - 2º Monitor;Outras ações da Pasta digital TJ;Giro de Página;;;;;;;
981;SAJMP;Pasta digital do TJ - 2º Monitor;Outras ações da Pasta digital TJ;Salvar Página;;;;;;;
982;SAJMP;Pasta digital do TJ - 2º Monitor;Outras ações da Pasta digital TJ;Ferramenta mão;;;;;;;
983;SAJMP;Pasta digital do TJ - 2º Monitor;Outras ações da Pasta digital TJ;Ferramenta de selecionar texto;;;;;;;
984;SAJMP;Pasta digital do TJ;Abrir pasta digital do TJ;Abrir pasta digital do TJ;;;;;;;
985;SAJMP;Pasta digital do TJ;Consultar por número MP;Realizar consulta;;;;;;;
986;SAJMP;Pasta digital do TJ;Consultar por número Judiciário;Realizar consulta;;;;;;;
987;SAJMP;Pasta digital do TJ;Abrir pasta digital do TJ através da tela de cadastro;Testar pasta digital do TJ com a pasta digital já aberta;;;;;;;
988;SAJMP;Pasta digital do TJ;Fluxo de trabalho;Testar pasta digital do TJ através do fluxo de trabalho;;;;;;;
989;SAJMP;Pasta digital do TJ;Atalho;Testar pasta digital do TJ através do F11;;;;;;;
990;SAJMP;Pasta digital do TJ;Salvar página;Salvar página;;;;;;;
991;SAJMP;Pasta digital do TJ;Imprimir;Imprimir página;;;;;;;
992;SAJMP;Pasta digital do TJ;Abrir cadastro a partir do documento;Utilizar botão direito do mouse;;;;;;;
993;SAJMP;Pasta digital do TJ;Consultar cadastro a partir do documento;Utilizar botão direito do mouse;;;;;;;
994;SAJMP;Pasta digital do TJ;Incluir anotação a partir do documento;Utilizar botão direito do mouse;;;;;;;
995;SAJMP;Pasta digital do TJ;Emitir documento através do atalho;Emitir documento através do botão disponível;;;;;;;
996;SAJMP;Pasta digital do TJ;Abrir cadastro através do atalho;Abrir cadastro através do botão disponível;;;;;;;
997;SAJMP;Pasta digital do TJ;Girar no sentido horário;Girar no sentido horário;;;;;;;
998;SAJMP;Pasta digital do TJ;Girar no sentido anti-horário;Girar no sentido anti-horário;;;;;;;
999;SAJMP;Pasta digital do TJ;Expandir;Expandir árvore de documentos;;;;;;;
1000;SAJMP;Pasta digital do TJ;Recolher;Recolher árvore de documentos;;;;;;;
1001;SAJMP;Pasta digital do TJ;Expandir tudo com atalho;Testar o comando CTRL + SHIFT + + na raíz do número do cadastro;;;;;;;
1002;SAJMP;Pasta digital do TJ;Expandir gradual com atalho;Testar o comando CTRL + na raíz do documento;;;;;;;
1003;SAJMP;Pasta digital do TJ;Recolher tudo com atalho;Testar o comando CTRL + SHIFT + - na raíz do número do cadastro;;;;;;;
1004;SAJMP;Pasta digital do TJ;Recolher gradual com atalho;Testar o comando CTRL - na raíz do documento;;;;;;;
1005;SAJMP;Pasta digital do TJ;Adicionar anotação;Adicionar anotação;;;;;;;
1006;SAJMP;Pasta digital do TJ;Exibir anotação;Exibir anotação;;;;;;;
1007;SAJMP;Pasta digital do TJ;Excluir anotação;Excluir anotação;;;;;;;
1008;SAJMP;Pasta digital do TJ;Pesquisar página;Pesquisar página;;;;;;;
1009;SAJMP;Pasta digital do TJ;Ferramenta de mão;Utilizar a ferramenta de mão;;;;;;;
1010;SAJMP;Pasta digital do TJ;Selecionar texto;Utilizar a ferramenta de seleção de texto;;;;;;;
1011;SAJMP;Pasta digital do TJ;Ocultar peças processuais;Ocultar peças processuais;;;;;;;
1012;SAJMP;Pasta digital do TJ;Mostrar peças processuais;Mostrar peças processuais;;;;;;;
1013;SAJMP;Pasta digital do TJ;Ajustar largura;Ajustar largura do documento;;;;;;;
1014;SAJMP;Pasta digital do TJ;Ajustar página;Ajustar página do documento;;;;;;;
1015;SAJMP;Pasta digital do TJ;Zoom;Testar zoom da pasta digital do TJ;;;;;;;
1016;SAJMP;Pasta digital do TJ;Carregamento da pasta digital do TJ;Testar carregamento da pasta digital do TJ para evitar duplicidade;;;;;;;
1017;SAJMP;Pasta digital do TJ;Carregamento da pasta digital do TJ;Testar velocidade do carregamento da pasta digital do TJ;;;;;;;
1018;SAJMP;Pasta digital do TJ;Anotação por página;Testar anotação por página;;;;;;;
1019;SAJMP;Pasta digital do TJ;Atualizar pasta digital do TJ;Atualizar pasta digital do TJ;;;;;;;
1020;SAJMP;Pasta digital do TJ;Reabrir pasta digital do TJ;Abrir novamente a pasta digital do TJ com pasta digital do TJ já aberta;;;;;;;
1021;SAJMP;Pasta digital do TJ;Pasta digital do TJ no primeiro monitor;Testar abrir pasta digital do TJ no primeiro monitor;;;;;;;
1022;SAJMP;Pasta digital do TJ;Pasta digital do TJ no segundo monitor;Testar abrir pasta digital do TJ no segundo monitor;;;;;;;
1023;SAJMP;Pasta digital do TJ;Pasta digital do TJ para cadastros ativos em outras lotações;Testar consulta da pasta digital do TJ para cadastros ativos;;;;;;;
1024;SAJMP;Pasta digital do TJ;Pasta digital do TJ para cadastros inativos em outras lotações;Testar consulta da pasta digital do TJ para cadastros inativos;;;;;;;
1025;SAJMP;Pasta digital do TJ;Testar consulta da pasta digital do TJ em cadastro público;Testar a consulta da pasta digital do TJ e avaliar comportamento;;;;;;;
1026;SAJMP;Pasta digital do TJ;Testar consulta da pasta digital do TJ em cadastro restrito;Testar a consulta da pasta digital do TJ e avaliar comportamento;;;;;;;
1027;SAJMP;Pasta digital do TJ;Testar consulta da pasta digital do TJ em cadastro sigiloso;Testar a consulta da pasta digital do TJ e avaliar comportamento;;;;;;;
1028;SAJMP;Atividades básicas no fluxo de trabalho;Histórico do cadastro no fluxo de trabalho;Testar atividade presente na fila de trabalho;;;;;;;
1029;SAJMP;Atividades básicas no fluxo de trabalho;Reorganizar as colunas no fluxo de trabalho;Reorganizar as colunas com intuito de testar o histórico de cadastro;;;;;;;
1030;SAJMP;Atividades básicas no fluxo de trabalho;Mostrar dependência do objeto;Testar atividade presente na fila de trabalho;;;;;;;
1031;SAJMP;Atividades básicas no fluxo de trabalho;Pressionar a tecla espaço para selecionar objeto;Testar atividade presente na fila de trabalho;;;;;;;
1032;SAJMP;Atividades básicas no fluxo de trabalho;Abrir cadastro;Testar atividade presente na fila de trabalho;;;;;;;
1033;SAJMP;Atividades básicas no fluxo de trabalho;Emitir documento;Testar atividade presente na fila de trabalho;;;;;;;
1034;SAJMP;Atividades básicas no fluxo de trabalho;Mover para outra fila;Testar atividade presente na fila de trabalho;;;;;;;
1035;SAJMP;Atividades básicas no fluxo de trabalho;Copiar para outra fila;Testar atividade presente na fila de trabalho;;;;;;;
1036;SAJMP;Atividades básicas no fluxo de trabalho;Editar observação;Testar atividade presente na fila de trabalho;;;;;;;
1037;SAJMP;Atividades básicas no fluxo de trabalho;Alocar;Testar atividade presente na fila de trabalho;;;;;;;
1038;SAJMP;Atividades básicas no fluxo de trabalho;Alocar para outro usuário;Testar atividade presente na fila de trabalho;;;;;;;
1039;SAJMP;Atividades básicas no fluxo de trabalho;Liberar documento em uso;Testar atividade presente na fila de trabalho;;;;;;;
1040;SAJMP;Atividades básicas no fluxo de trabalho;Excluir desta fila;Testar atividade presente na fila de trabalho;;;;;;;
1041;SAJMP;Atividades básicas no fluxo de trabalho;Agenda de compromissos;Testar atividade presente na fila de trabalho;;;;;;;
1042;SAJMP;Atividades básicas no fluxo de trabalho;Consultar cadastro;Testar atividade presente na fila de trabalho;;;;;;;
1043;SAJMP;Atividades básicas no fluxo de trabalho;Etiqueta resumida;Testar atividade presente na fila de trabalho;;;;;;;
1044;SAJMP;Atividades básicas no fluxo de trabalho;Etiqueta de autuação;Testar atividade presente na fila de trabalho;;;;;;;
1045;SAJMP;Atividades básicas no fluxo de trabalho;Pasta digital;Testar atividade presente na fila de trabalho;;;;;;;
1046;SAJMP;Atividades básicas no fluxo de trabalho;Pendência e prazo;Testar atividade presente na fila de trabalho;;;;;;;
1047;SAJMP;Atividades básicas no fluxo de trabalho;Checar se a tela de movimentação para outra fila é encerrada automaticamente;Testar atividade presente na fila de trabalho;;;;;;;
1048;SAJMP;Atividades básicas no fluxo de trabalho;Editor simplificado no fluxo de trabalho;Testar o editor simplificado através do fluxo de trabalho;;;;;;;
1049;SAJMP;Atividades básicas no fluxo de trabalho;Partes;Verificar se os dados das partes estão aparecendo na painel inferior;;;;;;;
1050;SAJMP;Atividades básicas no fluxo de trabalho;Verificar se a quantidade de cadastros é exibida, automaticamente, no subfluxo de trabalho;Verificar se a quantidade de cadastros é exibida entre parênteses, de forma automática, sem que você clique na fila;;;;;;;
1051;SAJMP;Fluxo de trabalho;Alocado para o usuário;Testar preenchimento da informação na coluna;;FABRICIO;FUNCIONA;;;;
1052;SAJMP;Fluxo de trabalho;Área;Testar preenchimento da informação na coluna;;FABRICIO;FUNCIONA;;;;
1053;SAJMP;Fluxo de trabalho;Área de atuação;Testar preenchimento da informação na coluna;;FABRICIO;FUNCIONA;;;;
1054;SAJMP;Fluxo de trabalho;Assunto principal;Testar preenchimento da informação na coluna;;FABRICIO;FUNCIONA;;;;
1055;SAJMP;Fluxo de trabalho;Classe TJ;Testar preenchimento da informação na coluna;;FABRICIO;FUNCIONA;;;;
1056;SAJMP;Fluxo de trabalho;Controle de Tramitação;Testar preenchimento da informação na coluna;;FABRICIO;FUNCIONA;;;;
1057;SAJMP;Fluxo de trabalho;Cópia p/ CGMP;Testar preenchimento da informação na coluna;;FABRICIO;FUNCIONA;;;;
1058;SAJMP;Fluxo de trabalho;Critério;Testar preenchimento da informação na coluna;;FABRICIO;FUNCIONA;;;;
1059;SAJMP;Fluxo de trabalho;Cumprimento;Testar preenchimento da informação na coluna;;FABRICIO;FUNCIONA;;;;
1060;SAJMP;Fluxo de trabalho;Data da distribuição;Testar preenchimento da informação na coluna;;FABRICIO;FUNCIONA;;;;
1061;SAJMP;Fluxo de trabalho;Data da vista;Testar preenchimento da informação na coluna;;FABRICIO;FUNCIONA;;;;
1062;SAJMP;Fluxo de trabalho;Data de retorno;Testar preenchimento da informação na coluna;;FABRICIO;FUNCIONA;;;;
1063;SAJMP;Fluxo de trabalho;Data do julgamento;Testar preenchimento da informação na coluna;;FABRICIO;FUNCIONA;;;;
1064;SAJMP;Fluxo de trabalho;Data retirada mesa;Testar preenchimento da informação na coluna;;FABRICIO;FUNCIONA;;;;
1065;SAJMP;Fluxo de trabalho;Data última movimentação;Testar preenchimento da informação na coluna;;FABRICIO;FUNCIONA;;;;
1066;SAJMP;Fluxo de trabalho;Data/Hora da sessão;Testar preenchimento da informação na coluna;;FABRICIO;FUNCIONA;;;;
1067;SAJMP;Fluxo de trabalho;Deliberação;Testar preenchimento da informação na coluna;;FABRICIO;FUNCIONA;;;;
1068;SAJMP;Fluxo de trabalho;Devolvido em;Testar preenchimento da informação na coluna;;FABRICIO;FUNCIONA;;;;
1069;SAJMP;Fluxo de trabalho;Diligência;Testar preenchimento da informação na coluna;;FABRICIO;FUNCIONA;;;;
1070;SAJMP;Fluxo de trabalho;Entrada;Testar preenchimento da informação na coluna;;FABRICIO;FUNCIONA;;;;
1071;SAJMP;Fluxo de trabalho;Forma de Tramitação;Testar preenchimento da informação na coluna;;FABRICIO;FUNCIONA;;;;
1072;SAJMP;Fluxo de trabalho;Lista relator;Testar preenchimento da informação na coluna;;FABRICIO;FUNCIONA;;;;
1073;SAJMP;Fluxo de trabalho;Local de origem;Testar preenchimento da informação na coluna;;FABRICIO;FUNCIONA;;;;
1074;SAJMP;Fluxo de trabalho;Movimentação de origem;Testar preenchimento da informação na coluna;;FABRICIO;FUNCIONA;;;;
1075;SAJMP;Fluxo de trabalho;Nº Edital;Testar preenchimento da informação na coluna;;FABRICIO;FUNCIONA;;;;
1076;SAJMP;Fluxo de trabalho;Nº Judiciário;Testar preenchimento da informação na coluna;;FABRICIO;FUNCIONA;;;;
1077;SAJMP;Fluxo de trabalho;Nº MP;Testar preenchimento da informação na coluna;;FABRICIO;FUNCIONA;;;;
1078;SAJMP;Fluxo de trabalho;Observação da fila;Testar preenchimento da informação na coluna;;FABRICIO;FUNCIONA;;;;
1079;SAJMP;Fluxo de trabalho;Observação do processo;Testar preenchimento da informação na coluna;;FABRICIO;FUNCIONA;;;;
1080;SAJMP;Fluxo de trabalho;Parte ativa principal;Testar preenchimento da informação na coluna;;FABRICIO;FUNCIONA;;;;
1081;SAJMP;Fluxo de trabalho;Parte passiva principal;Testar preenchimento da informação na coluna;;FABRICIO;FUNCIONA;;;;
1082;SAJMP;Fluxo de trabalho;Prazo da intimação;Testar preenchimento da informação na coluna;;FABRICIO;FUNCIONA;;;;
1083;SAJMP;Fluxo de trabalho;Prazo da manifestação;Testar preenchimento da informação na coluna;;FABRICIO;FUNCIONA;;;;
1084;SAJMP;Fluxo de trabalho;Pauta/Sessão;Testar preenchimento da informação na coluna;;FABRICIO;FUNCIONA;;;;
1085;SAJMP;Fluxo de trabalho;Relator;Testar preenchimento da informação na coluna;;FABRICIO;FUNCIONA;;;;
1086;SAJMP;Fluxo de trabalho;Resumo da intimação;Testar preenchimento da informação na coluna;;FABRICIO;FUNCIONA;;;;
1087;SAJMP;Fluxo de trabalho;Retirado da sessão;Testar preenchimento da informação na coluna;;FABRICIO;FUNCIONA;;;;
1088;SAJMP;Fluxo de trabalho;Réu preso;Testar preenchimento da informação na coluna;;FABRICIO;FUNCIONA;;;;
1089;SAJMP;Fluxo de trabalho;Revisor;Testar preenchimento da informação na coluna;;FABRICIO;FUNCIONA;;;;
1090;SAJMP;Fluxo de trabalho;Secretário;Testar preenchimento da informação na coluna;;FABRICIO;FUNCIONA;;;;
1091;SAJMP;Fluxo de trabalho;Sistema;Testar preenchimento da informação na coluna;;FABRICIO;FUNCIONA;;;;
1092;SAJMP;Fluxo de trabalho;Situação;Testar preenchimento da informação na coluna;;FABRICIO;FUNCIONA;;;;
1093;SAJMP;Fluxo de trabalho;Situação julgamento;Testar preenchimento da informação na coluna;;FABRICIO;FUNCIONA;;;;
1094;SAJMP;Fluxo de trabalho;SubFluxo;Testar preenchimento da informação na coluna;;FABRICIO;ITEM DESABILITADO;;;;
1095;SAJMP;Fluxo de trabalho;TAC;Testar preenchimento da informação na coluna;;FABRICIO;FUNCIONA;;;;
1096;SAJMP;Fluxo de trabalho;Tarjas MP;Testar preenchimento da informação na coluna;;FABRICIO;FUNCIONA;;;;
1097;SAJMP;Fluxo de trabalho;Tarjas TJ;Testar preenchimento da informação na coluna;;FABRICIO;FUNCIONA;;;;
1098;SAJMP;Fluxo de trabalho;Tipo;Testar preenchimento da informação na coluna;;FABRICIO;FUNCIONA;;;;
1099;SAJMP;Fluxo de trabalho;Tipo de objeto;Testar preenchimento da informação na coluna;;FABRICIO;FUNCIONA;;;;
1100;SAJMP;Fluxo de trabalho;Tipo de pauta;Testar preenchimento da informação na coluna;;FABRICIO;FUNCIONA;;;;
1101;SAJMP;Fluxo de trabalho;Tipo de processo;Testar preenchimento da informação na coluna;;FABRICIO;FUNCIONA;;;;
1102;SAJMP;Fluxo de trabalho;Tipo de serviço;Testar preenchimento da informação na coluna;;FABRICIO;ITEM DESABILITADO;;;;
1103;SAJMP;Fluxo de trabalho;Última movimentação;Testar preenchimento da informação na coluna;;FABRICIO;FUNCIONA;;;;
1104;SAJMP;Fluxo de trabalho;Vista;Testar preenchimento da informação na coluna;;FABRICIO;FUNCIONA;;;;
1105;SAJMP;Fluxo de trabalho;Vista da sessão;Testar preenchimento da informação na coluna;;FABRICIO;FUNCIONA;;;;
1106;SAJMP;Fluxo de trabalho;Vista para;Testar preenchimento da informação na coluna;;FABRICIO;FUNCIONA;;;;
1107;SAJMP;Fluxo de trabalho;Voto geral;Testar preenchimento da informação na coluna;;FABRICIO;FUNCIONA;;;;
1108;SAJMP;Fluxo de trabalho;Quantidade de intimações;Testar preenchimento da informação na coluna;;FABRICIO;ITEM DESABILITADO;;;;
1109;SAJMP;Fluxo de trabalho;Objeto remoção da carreira;Testar preenchimento da informação na coluna;;FABRICIO;ITEM DESABILITADO;;;;
1110;SAJMP;Preferências do usuário;Modo de visualização padrão;Testar modo de visualização;;FABRICIO;FUNCIONA;;;;
1111;SAJMP;Preferências do usuário;Modo de visualização por documentos;Testar modo de visualização;;FABRICIO;FUNCIONA;;;;
1112;SAJMP;Preferências do usuário;Modo de visualização por movimentos;Testar modo de visualização;;FABRICIO;FUNCIONA;;;;
1113;SAJMP;Preferências do usuário;Verificar a ordenação padrão;Testar modo de visualização;;FABRICIO;FUNCIONA;;;;
1114;SAJMP;Preferências do usuário;Verificar a ordenação descendente;Testar modo de visualização;;FABRICIO;FUNCIONA;;;;
1115;SAJMP;Consulta de Cadastros;Consulta básica de cadastros;Testar consulta básica de cadastros e todos os filtros;;FABRICIO;FUNCIONA;;;;
1116;SAJMP;Consulta de Cadastros;Consulta avançada de cadastros;Testar consulta avançada de cadastros e todos os filtros;;FABRICIO;FUNCIONA;;;;
1117;SAJMP;Consulta de Cadastros;Consulta aberta de cadastros;Testar consulta aberta de cadastros e todas as opções disponiveis;;FABRICIO;FUNCIONA;;;;
1118;SAJMP;Consulta de Cadastros;Banco de teses e pareceres;Consulta no banco de teses e pareceres, emissão de documentos a partir de tese/parecer;;FABRICIO;FUNCIONA;;;;
1119;SAJMP;Consulta de Cadastros;Consulta de Antecedentes Criminais (e-SAJ);Testar atividade presente;;FABRICIO;ITEM DESABILITADO;;;;
1120;SAJMP;Consulta de Cadastros;Acompanhamento de Atividades;Testar atividade presente;;FABRICIO;FUNCIONA;;;;
1121;SAJMP;Consulta de Cadastros;Consulta externa;Testar consulta externa;;FABRICIO;FUNCIONA;;;;
1122;SAJMP;Consulta de Cadastros;Pauta de audiência do TJ;Testar consulta de pauta de audiência;;FABRICIO;FUNCIONA COM RESSALVAS;;;;
1123;SAJMP;Consulta de Cadastros;Consultar cadastro sigiloso na consulta básica;Consultar um cadastro sigiloso com indicação;;FABRICIO;FUNCIONA;;;;
1124;SAJMP;Consulta de Cadastros;Consultar cadastro sigiloso na consulta avançada;Consultar um cadastro sigiloso com indicação;;FABRICIO;FUNCIONA;;;;
1125;SAJMP;Consulta avançada de cadastros;Abrangência;Testar preenchimento da informação na coluna;;FABRICIO;FUNCIONA;;;;
1126;SAJMP;Consulta avançada de cadastros;Área de atuação;Testar preenchimento da informação na coluna;;FABRICIO;FUNCIONA;;;;
1127;SAJMP;Consulta avançada de cadastros;Área do Processo;Testar preenchimento da informação na coluna;;FABRICIO;FUNCIONA;;;;
1128;SAJMP;Consulta avançada de cadastros;Assunto;Testar preenchimento da informação na coluna;;FABRICIO;FUNCIONA;;;;
1129;SAJMP;Consulta avançada de cadastros;Classe;Testar preenchimento da informação na coluna;;FABRICIO;FUNCIONA;;;;
1130;SAJMP;Consulta avançada de cadastros;Crimes;Testar preenchimento da informação na coluna;;FABRICIO;FUNCIONA;;;;
1131;SAJMP;Consulta avançada de cadastros;Data Cad.;Testar preenchimento da informação na coluna;;FABRICIO;FUNCIONA;;;;
1132;SAJMP;Consulta avançada de cadastros;Data da carga;Testar preenchimento da informação na coluna;;FABRICIO;FUNCIONA;;;;
1133;SAJMP;Consulta avançada de cadastros;Data da distribuição;Testar preenchimento da informação na coluna;;FABRICIO;FUNCIONA;;;;
1134;SAJMP;Consulta avançada de cadastros;Data da última movimentação;Testar preenchimento da informação na coluna;;FABRICIO;FUNCIONA;;;;
1135;SAJMP;Consulta avançada de cadastros;Data/Hora do caso;Testar preenchimento da informação na coluna;;FABRICIO;FUNCIONA;;;;
1136;SAJMP;Consulta avançada de cadastros;Fatores Exacerbadores;Testar preenchimento da informação na coluna;;FABRICIO;FUNCIONA;;;;
1137;SAJMP;Consulta avançada de cadastros;Local físico;Testar preenchimento da informação na coluna;;FABRICIO;FUNCIONA;;;;
1138;SAJMP;Consulta avançada de cadastros;Nº Judiciário;Testar preenchimento da informação na coluna;;FABRICIO;FUNCIONA;;;;
1139;SAJMP;Consulta avançada de cadastros;Nº Judiciário vinculado;Testar preenchimento da informação na coluna;;FABRICIO;FUNCIONA;;;;
1140;SAJMP;Consulta avançada de cadastros;Nº MP;Testar preenchimento da informação na coluna;;FABRICIO;FUNCIONA;;;;
1141;SAJMP;Consulta avançada de cadastros;Nº MP Formatado;Testar preenchimento da informação na coluna;;FABRICIO;FUNCIONA;;;;
1142;SAJMP;Consulta avançada de cadastros;Nº MP Vinculado;Testar preenchimento da informação na coluna;;FABRICIO;FUNCIONA;;;;
1143;SAJMP;Consulta avançada de cadastros;Objeto;Testar preenchimento da informação na coluna;;FABRICIO;FUNCIONA;;;;
1144;SAJMP;Consulta avançada de cadastros;Órgão;Testar preenchimento da informação na coluna;;FABRICIO;FUNCIONA;;;;
1145;SAJMP;Consulta avançada de cadastros;Partes;Testar preenchimento da informação na coluna;;FABRICIO;FUNCIONA;;;;
1146;SAJMP;Consulta avançada de cadastros;Secretário;Testar preenchimento da informação na coluna;;FABRICIO;FUNCIONA;;;;
1147;SAJMP;Consulta avançada de cadastros;Sigilo;Testar preenchimento da informação na coluna;;FABRICIO;FUNCIONA;;;;
1148;SAJMP;Consulta avançada de cadastros;Situação;Testar preenchimento da informação na coluna;;FABRICIO;FUNCIONA;;;;
1149;SAJMP;Consulta avançada de cadastros;Situação Judicial;Testar preenchimento da informação na coluna;;FABRICIO;FUNCIONA;;;;
1150;SAJMP;Consulta avançada de cadastros;Tarjas MP;Testar preenchimento da informação na coluna;;FABRICIO;FUNCIONA;;;;
1151;SAJMP;Consulta avançada de cadastros;Tarjas TJ;Testar preenchimento da informação na coluna;;FABRICIO;FUNCIONA;;;;
1152;SAJMP;Consulta avançada de cadastros;Tipo;Testar preenchimento da informação na coluna;;FABRICIO;FUNCIONA;;;;
1153;SAJMP;Consulta avançada de cadastros;Tipo de distribuição;Testar preenchimento da informação na coluna;;FABRICIO;FUNCIONA;;;;
1154;SAJMP;Consulta avançada de cadastros;Tipo de processo;Testar preenchimento da informação na coluna;;FABRICIO;FUNCIONA;;;;
1155;SAJMP;Consulta avançada de cadastros;Última movimentação;Testar preenchimento da informação na coluna;;FABRICIO;FUNCIONA;;;;
1156;SAJMP;Consulta básica de cadastros;Consulta básica;Efetuar consulta sem preencher nenhum campo da tela;;FABRICIO;FUNCIONA;;;;
1157;SAJMP;Consulta básica de cadastros;Consulta básica;Efetuar consulta informando as datas de Aberto em (incío e fim);;FABRICIO;FUNCIONA;;;;
1158;SAJMP;Consulta básica de cadastros;Consulta básica;Efetuar consulta informando as datas de Aberto em (incío e fim) e Nome da Parte;;FABRICIO;ITEM DESABILITADO;;;;
1159;SAJMP;Consulta básica de cadastros;Consulta básica;Efetuar consulta informando as datas de Aberto em (incío e fim) e Objetivo;;FABRICIO;FUNCIONA;;;;
1160;SAJMP;Consulta básica de cadastros;Consulta básica;Efetuar consulta informando Nome da Parte;;FABRICIO;ITEM DESABILITADO;;;;
1161;SAJMP;Consulta básica de cadastros;Consulta básica;Efetuar consulta informando Nome da Parte e Objetivo;;FABRICIO;ITEM DESABILITADO;;;;
1162;SAJMP;Consulta básica de cadastros;Consulta básica;Efetuar consulta informando as datas de Aberto em (incío e fim), Nome da Parte e Objetivo;;FABRICIO;ITEM DESABILITADO;;;;
1163;SAJMP;Consulta básica de cadastros;Consulta básica;No resultado da consulta, clicar em Abrir Cadastro em um dos cadastros exibidos;;FABRICIO;FUNCIONA;;;;
1164;SAJMP;Consulta básica de cadastros;Consulta básica;No resultado da consulta, clicar em um dos Cadastros >> Movimentações;;FABRICIO;FUNCIONA;;;;
1165;SAJMP;Consulta básica de cadastros;Consulta básica;No resultado da consulta, clicar em um dos Cadastros >> Vínculos;;FABRICIO;FUNCIONA;;;;
1166;SAJMP;Consulta aberta de cadastros;Consulta aberta ;Efetuar consulta sem preencher nenhum campo da tela;;FABRICIO;FUNCIONA;;;;
1167;SAJMP;Consulta aberta de cadastros;Consulta aberta ;Efetuar consulta informando as datas de Aberto em (incío e fim);;FABRICIO;FUNCIONA;;;;
1168;SAJMP;Consulta aberta de cadastros;Consulta aberta ;Efetuar consulta informando as datas de Aberto em (incío e fim) e Nome da Parte;;FABRICIO;FUNCIONA;;;;
1169;SAJMP;Consulta aberta de cadastros;Consulta aberta ;Efetuar consulta informando as datas de Aberto em (incío e fim) e Objetivo;;FABRICIO;FUNCIONA;;;;
1170;SAJMP;Consulta aberta de cadastros;Consulta aberta ;Efetuar consulta informando Nome da Parte;;FABRICIO;FUNCIONA;;;;
1171;SAJMP;Consulta aberta de cadastros;Consulta aberta ;Efetuar consulta informando Nome da Parte e Objetivo;;FABRICIO;FUNCIONA;;;;
1172;SAJMP;Consulta aberta de cadastros;Consulta aberta ;Efetuar consulta informando as datas de Aberto em (incío e fim), Nome da Parte e Objetivo;;FABRICIO;FUNCIONA;;;;
1173;SAJMP;Consulta aberta de cadastros;Consulta aberta ;No resultado da consulta, clicar em Abrir Cadastro em um dos cadastros exibidos;;FABRICIO;FUNCIONA;;;;
1174;SAJMP;Consulta aberta de cadastros;Consulta aberta ;No resultado da consulta, clicar em um dos Cadastros >> Movimentações;;FABRICIO;FUNCIONA;;;;
1175;SAJMP;Consulta aberta de cadastros;Consulta aberta ;No resultado da consulta, clicar em um dos Cadastros >> Vínculos;;FABRICIO;FUNCIONA;;;;
1176;SAJMP;Tela de carga e importação;Seleção;Testar preenchimento da informação na coluna;;FABRICIO;FUNCIONA;;;;
1177;SAJMP;Tela de carga e importação;Assunto;Testar preenchimento da informação na coluna;;FABRICIO;FUNCIONA;;;;
1178;SAJMP;Tela de carga e importação;Atualizado;Testar preenchimento da informação na coluna;;FABRICIO;FUNCIONA;;;;
1179;SAJMP;Tela de carga e importação;Classe;Testar preenchimento da informação na coluna;;FABRICIO;FUNCIONA;;;;
1180;SAJMP;Tela de carga e importação;Controle de tramitação;Testar preenchimento da informação na coluna;;FABRICIO;FUNCIONA;;;;
1181;SAJMP;Tela de carga e importação;Detalhe da situação;Testar preenchimento da informação na coluna;;FABRICIO;FUNCIONA;;;;
1182;SAJMP;Tela de carga e importação;Disponibilização;Testar preenchimento da informação na coluna;;FABRICIO;FUNCIONA;;;;
1183;SAJMP;Tela de carga e importação;Forma de tramitação;Testar preenchimento da informação na coluna;;FABRICIO;FUNCIONA;;;;
1184;SAJMP;Tela de carga e importação;Grau;Testar preenchimento da informação na coluna;;FABRICIO;FUNCIONA;;;;
1185;SAJMP;Tela de carga e importação;Lote TJ;Testar preenchimento da informação na coluna;;FABRICIO;FUNCIONA;;;;
1186;SAJMP;Tela de carga e importação;Movimentação no TJ;Testar preenchimento da informação na coluna;;FABRICIO;FUNCIONA;;;;
1187;SAJMP;Tela de carga e importação;Nº Judiciário;Testar preenchimento da informação na coluna;;FABRICIO;FUNCIONA;;;;
1188;SAJMP;Tela de carga e importação;Nº MP;Testar preenchimento da informação na coluna;;FABRICIO;FUNCIONA;;;;
1189;SAJMP;Tela de carga e importação;Obsevação do Processo;Testar preenchimento da informação na coluna;;FABRICIO;FUNCIONA;;;;
1190;SAJMP;Tela de carga e importação;Parte ativa principal;Testar preenchimento da informação na coluna;;FABRICIO;FUNCIONA;;;;
1191;SAJMP;Tela de carga e importação;Parte passiva principal;Testar preenchimento da informação na coluna;;FABRICIO;FUNCIONA;;;;
1192;SAJMP;Tela de carga e importação;Prazo;Testar preenchimento da informação na coluna;;FABRICIO;FUNCIONA;;;;
1193;SAJMP;Tela de carga e importação;Situação;Testar preenchimento da informação na coluna;;FABRICIO;FUNCIONA;;;;
1194;SAJMP;Tela de carga e importação;Situação da análise;Testar preenchimento da informação na coluna;;FABRICIO;FUNCIONA;;;;
1195;SAJMP;Tela de carga e importação;Tarjas TJ;Testar preenchimento da informação na coluna;;FABRICIO;FUNCIONA;;;;
1196;SAJMP;Tela de carga e importação;Tipo;Testar preenchimento da informação na coluna;;FABRICIO;FUNCIONA;;;;
1197;SAJMP;Tela de carga e importação;Urgente;Testar preenchimento da informação na coluna;;FABRICIO;FUNCIONA;;;;
1198;SAJMP;Tela de carga e importação;Usuário;Testar preenchimento da informação na coluna;;FABRICIO;FUNCIONA;;;;
1199;SAJMP;Tela de carga e importação;Vista;Testar preenchimento da informação na coluna;;FABRICIO;FUNCIONA;;;;
1200;SAJMP;Distribuição Processos 2ª Grau;Distribuição;Testar análise e distribuição individual e em lote, remessas, distribuição por sorteio e por prevenção;;FABRICIO;FUNCIONA;;;;
1201;SAJMP;Distribuição Processos 2ª Grau;Ajuste de peso por vaga ou classe;;;FABRICIO;FUNCIONA;;;;
1202;SAJMP;Distribuição Processos 2ª Grau;Cadastros de processos de 2º grau;;;FABRICIO;FUNCIONA;;;;
1203;SAJMP;Distribuição Processos 2ª Grau;Cadastro de vaga;;;FABRICIO;FUNCIONA;;;;
1204;SAJMP;Distribuição Processos 2ª Grau;Distribuição em lote;;;FABRICIO;FUNCIONA;;;;
1205;SAJMP;Distribuição Processos 2ª Grau;Distribuição individual;Abrir a tela;;FABRICIO;FUNCIONA;;;;
1206;SAJMP;Distribuição Processos 2ª Grau;Distribuição individual por prevenção;Testar a distribuição individual por prevenção;;FABRICIO;FUNCIONA;;;;
1207;SAJMP;Distribuição Processos 2ª Grau;Distribuição individual por sorteio;Testar a distribuição individual por sorteio;;FABRICIO;FUNCIONA;;;;
1208;SAJMP;Distribuição Processos 2ª Grau;Exceção da distribuição;;;FABRICIO;FUNCIONA;;;;
1209;SAJMP;Cadastro do TJ;Cadastrar um agente;;;FABRICIO;FUNCIONA;;;;
1210;SAJMP;Cadastro do TJ;Cadastrar uma comarca;;;FABRICIO;FUNCIONA;;;;
1211;SAJMP;Cadastro do TJ;Cadastrar um foro;;;FABRICIO;FUNCIONA;;;;
1212;SAJMP;Cadastro do TJ;Cadastrar um município;;;FABRICIO;FUNCIONA;;;;
1213;SAJMP;Cadastro do TJ;Cadastrar um procedimento;;;FABRICIO;FUNCIONA;;;;
1214;SAJMP;Cadastro do TJ;Cadastrar um tipo de cartório;;;FABRICIO;FUNCIONA;;;;
1215;SAJMP;Relatórios da SEDAP;Relatório de carga;;;FABRICIO;FUNCIONA;;;;
1216;SAJMP;Relatórios da SEDAP;Estatístico por especialidade;;;FABRICIO;FUNCIONA;;;;
1217;SAJMP;Relatórios da SEDAP;Estatístico por completo por distribuição;;;FABRICIO;FUNCIONA;;;;
1218;SAJMP;Relatórios da SEDAP;Estatístico por completo com data de vista no período;;;FABRICIO;FUNCIONA;;;;
1219;SAJMP;Relatórios da SEDAP;Relatórios de processos cadastrados;;;FABRICIO;FUNCIONA;;;;
1220;SAJMP;Relatórios da SEDAP;Relatórios de processos pendentes;;;FABRICIO;FUNCIONA;;;;
1221;SAJMP;Relatórios da SEDAP;Relatórios de processos por remessa ao tribunal;;;FABRICIO;FUNCIONA;;;;
1222;SAJMP;Relatórios da SEDAP;Relatórios de processos por movimentação;;;FABRICIO;FUNCIONA;;;;
1223;SAJMP;Relatórios da SEDAP;Relatório de atividade dos procuradores;;;FABRICIO;FUNCIONA;;;;
1224;SAJMP;Registro de participação de audiência;Abrir a tela;Abrir a tela;;FABRICIO;FUNCIONA;;;;
1225;SAJMP;Registro de participação de audiência;Preencher com número do MP;Preencher a tela com o campo número do MP;;FABRICIO;FUNCIONA;;;;
1226;SAJMP;Registro de participação de audiência;Preencher com número do judiciário;Preencher a tela com o campo número do judiciário;;FABRICIO;FUNCIONA;;;;
1227;SAJMP;Registro de participação de audiência;Inserir um registro de participação;Incluir um registro de participação;;FABRICIO;FUNCIONA;;;;
1228;SAJMP;Registro de participação de audiência;Excluir um registro de participação;Excluir um registro de participação;;FABRICIO;FUNCIONA;;;;
1229;SAJMP;Registro de participação de audiência;Abrir a aba de histórico;Abrir a aba de histórico;;FABRICIO;FUNCIONA;;;;
1230;SAJMP;Registro de participação de audiência;Minimizar através do ícone;Minimizar a tela;;FABRICIO;FUNCIONA;;;;
1231;SAJMP;Registro de participação de audiência;Restaurar janela minimizada;Restaurar a tela;;FABRICIO;FUNCIONA;;;;
1232;SAJMP;Registro de participação de audiência;Fechar através do ícone;Fechar a tela;;FABRICIO;FUNCIONA;;;;
1233;SAJMP;Registro de participação de audiência;Salvar;Utilizar o botão e verificar se os dados foram salvos;;FABRICIO;FUNCIONA;;;;
1234;SAJMP;Registro de participação de audiência;Limpar;Utilizar o botão e verificar se os campos foram limpos;;FABRICIO;FUNCIONA;;;;
1235;SAJMP;Registro de participação de audiência;Fechar;Utilizar o botão e verificar se a tela foi fechada;;FABRICIO;FUNCIONA;;;;
1236;DISTRIBUIÇÃO;Distribuição interna;Compensação de peso;Abrir janela e testar;;FABRICIO;FUNCIONA;;;;
1237;DISTRIBUIÇÃO;Distribuição interna;Distribuição individual;Abrir janela e testar;;FABRICIO;FUNCIONA;;;;
1238;DISTRIBUIÇÃO;Distribuição interna;Distribuição em lote;Abrir janela e testar;;FABRICIO;FUNCIONA;;;;
1239;DISTRIBUIÇÃO;Distribuição interna;Histórico de distribuição;Abrir janela e testar;;FABRICIO;FUNCIONA;;;;
1240;DISTRIBUIÇÃO;Distribuição interna;Impedimento;Abrir janela e testar;;FABRICIO;FUNCIONA;;;;
1241;DISTRIBUIÇÃO;Menu - Procuradorias;Distribuição Individual;Efetuar distribuição Distribuição Individual através da Tela de Cadastro de Processo de 2º Grau;;FABRICIO;ITEM DESABILITADO;;;;
1242;DISTRIBUIÇÃO;Menu - Procuradorias;Distribuição Individual;Efetuar distribuição Distribuição Individual através da Tela de Carga e Importação (Menu Carga - Botão na lateral direita);;FABRICIO;ITEM DESABILITADO;;;;
1243;DISTRIBUIÇÃO;Menu - Procuradorias;Distribuição Individual;Efetuar distribuição Distribuição Individual através da atividade no Fluxo de Trabalho (Cadastro de 2º Grau);;FABRICIO;ITEM DESABILITADO;;;;
1244;DISTRIBUIÇÃO;Menu - Procuradorias;Distribuição Individual;Efetuar distribuição Distribuição Individual através da Tela de Distribuição em Lote (Botão na lateral direita - Aba Analisados);;FABRICIO;ITEM DESABILITADO;;;;
1245;DISTRIBUIÇÃO;Menu - Procuradorias;Distrbuição em lote;Abrir Cadastro através da Tela de Distribuição em Lote (Botão na lateral direita - Aba Cadastrados e Analisados);;FABRICIO;ITEM DESABILITADO;;;;
1246;DISTRIBUIÇÃO;Menu - Procuradorias;Distrbuição em lote;Alterar Situação do Cadastro através da Tela de Distribuição em Lote (Botão na lateral direita - Aba Cadastrados);;FABRICIO;ITEM DESABILITADO;;;;
1247;DISTRIBUIÇÃO;Menu - Procuradorias;Distrbuição em lote;Atribuir Especialidade em Lote através da Tela de Distribuição em Lote (Botão na lateral direita - Aba Cadastrados);;FABRICIO;ITEM DESABILITADO;;;;
1248;DISTRIBUIÇÃO;Menu - Procuradorias;Distrbuição em lote;Carregar dados de Processos Distribuidos através da Tela de Distribuição em Lote (Aba Distribuiídos - Botão Restaurar);;FABRICIO;ITEM DESABILITADO;;;;
1249;DISTRIBUIÇÃO;Menu - Procuradorias;Distrbuição em lote;"""Imprimir"" Termo de Distribuição através da Tela de Distribuição em Lote (Impressora na barra lateral direita - Aba Distribuídos)";;FABRICIO;ITEM DESABILITADO;;;;
1250;DISTRIBUIÇÃO;Menu - Procuradorias;Distrbuição em lote;Consultar Processos Distribuídos através da Tela de Distribuição em Lote (Botão na lateral direita - Aba Distribuídos);;FABRICIO;ITEM DESABILITADO;;;;
1251;DISTRIBUIÇÃO;Menu - Procuradorias;Distrbuição em lote;Efetuar distribuição Distribuição em Lote através da atividade no Fluxo de Trabalho (Cadastro de 2º Grau);;FABRICIO;ITEM DESABILITADO;;;;
1252;DISTRIBUIÇÃO;Menu - Procuradorias;Demais ações no menu;Efetuar consulta na Tela de Ajuste de Pesos por Vagas ou Classe;;FABRICIO;ITEM DESABILITADO;;;;
1253;DISTRIBUIÇÃO;Menu - Procuradorias;Demais ações no menu;Efetuar cadastro através da Tela de Cadastro de 2º Grau aberta pelo Menu Procuradorias;;FABRICIO;ITEM DESABILITADO;;;;
1254;DISTRIBUIÇÃO;Menu - Carga;Remessa;Efetuar remessa de Secretaria para Promotoria através do Menu Carga >> Remessa;;FABRICIO;FUNCIONA;;;;
1255;DISTRIBUIÇÃO;Menu - Carga;Remessa;Efetuar remessa de Promotoria para Secretaria através do Menu Carga >> Remessa;;FABRICIO;FUNCIONA;;;;
1256;DISTRIBUIÇÃO;Menu - Carga;Remessa;Efetuar remessa de Promotoria para Promotoria através do Menu Carga >> Carga e Importação (Botão na lateral direita da Tela);;FABRICIO;FUNCIONA;;;;
1257;DISTRIBUIÇÃO;Menu - Carga;Remessa;Efetuar remessa de Secretaria para Promotoria através do Menu Carga >> Carga e Importação (Botão na lateral direita da Tela);;FABRICIO;FUNCIONA;;;;
1258;DISTRIBUIÇÃO;Menu - Carga;Remessa;Efetuar remessa de Promotoria para Secretaria através do Menu Carga >> Carga e Importação (Botão na lateral direita da Tela);;FABRICIO;FUNCIONA;;;;
1259;DISTRIBUIÇÃO;Menu - Carga;Remessa;Efetuar remessa através de atividade no Fluxo de Trabalho;;FABRICIO;FUNCIONA;;;;
1260;DISTRIBUIÇÃO;Menu - Carga;Outras opções - Aba Concluídos;Efetuar consulta por número do Lote (Digitando e procurando pela Lupa);;FABRICIO;FUNCIONA;;;;
1261;DISTRIBUIÇÃO;Menu - Carga;Outras opções - Aba Concluídos;Efetuar consulta por período de Lotes Cadastrados;;FABRICIO;FUNCIONA;;;;
1262;DISTRIBUIÇÃO;Menu - Carga;Outras opções - Aba Concluídos;Efetuar consulta por período de Lotes Cadastrados e Situações ;;FABRICIO;FUNCIONA;;;;
1263;DISTRIBUIÇÃO;Menu - Carga;Outras opções - Aba Concluídos;Emitir relatório de Comprovante da Remessa - Por Número de processo;;FABRICIO;FUNCIONA;;;;
1264;DISTRIBUIÇÃO;Menu - Carga;Outras opções - Aba Concluídos;Emitir relatório de Comprovante da Remessa - Por lote ou Número do processo e selecionar a opção de Agrupar por Procurador;;FABRICIO;FUNCIONA;;;;
1265;DISTRIBUIÇÃO;Menu - Carga;Outras opções - Aba Concluídos;Tentar acessar na promotoria onde ocorreu a remessa um dos cadastros recém remetidos a outra lotação;;FABRICIO;FUNCIONA;;;;
1266;DISTRIBUIÇÃO;Menu - Carga;Outras opções - Aba Concluídos;Verificar no Fluxo se os cadastros remetidos foram devidamente movidos para as filas corretas;;FABRICIO;FUNCIONA;;;;
1267;SAJMP;CSMP - Promotoria de justiça;Encaminhar NF;Remeter uma Notícia de Fato;;FABRICIO;FUNCIONA;;;;
1268;SAJMP;CSMP - Promotoria de justiça;Encaminhar PP;Remeter um Procedimento Preparatório;;FABRICIO;FUNCIONA;;;;
1269;SAJMP;CSMP - Promotoria de justiça;Encaminhar IC;Remeter um Inquérito Civil;;FABRICIO;FUNCIONA;;;;
1270;SAJMP;CSMP - Promotoria de justiça;Encaminhar um Protocolo;Remeter um Protocolo Unificado;;FABRICIO;FUNCIONA;;;;
1271;SAJMP;Secretaria;Encaminhar para publicação de aviso;Utilizar a atividade disponível e analisar comportamento;;FABRICIO;ITEM DESABILITADO;;;;
1272;SAJMP;Secretaria;Encaminhar para distribuição interna;Utilizar a atividade disponível e analisar comportamento;;FABRICIO;FUNCIONA;;;;
1273;SAJMP;Secretaria;Aviso publicado;Utilizar a atividade disponível e analisar comportamento;;FABRICIO;ITEM DESABILITADO;;;;
1274;SAJMP;Secretaria;Distribuir;Utilizar a distribuição interna e analisar comportamento;;FABRICIO;FUNCIONA;;;;
1275;SAJMP;Secretaria;Encaminhar para pedido de pauta presencial;Remeter o pedido de pauta presencial ao relator;;FABRICIO;FUNCIONA;;;;
1276;SAJMP;Secretaria;Encaminhar para pauta presencial;Encaminhar cadastro para pauta presencial;;FABRICIO;FUNCIONA;;;;
1277;SAJMP;Secretaria;Encaminhar para pauta virtual;Encaminhar cadastro para pauta virtual;;FABRICIO;FUNCIONA;;;;
1278;SAJMP;Conselheiro;Emitir voto;Emitir votos específicos;;;;;;;
1279;SAJMP;Conselheiro;Filas de trabalho;Verificar se os cadastros distribuídos foram devidamente separados de acordo com o tipo;;;;;;;
1280;SAJMP;Conselheiro;Deferir pauta presencial;Deferir pedido de pauta presencial e remeter cadastro;;;;;;;
1281;SAJMP;Conselheiro;Realizar devolução;Devolver cadastros à Secretaria do CSMP;;;;;;;
1282;SAJMP;Sessão Virtual;Incluir em votação;Incluir cadastros em votação e avaliar comportamento;;;;;;;
1283;SAJMP;Sessão Virtual;Emitir voto;Emitir votos específicos;;;;;;;
1284;SAJMP;Sessão Virtual;Devolver cadastro;Devolver os cadastros à Secretaria do CSMP;;;;;;;
1285;SAJMP;Sessão Virtual;Pedido de pauta presencial;Após pedir pauta presencial, verificar se o sistema moveu o cadastro de fila;;;;;;;
1286;SAJMP;Sessão Virtual;Expirar prazo da sessão;Verificar se o sistema moveu corretamente os cadastros de fila;;;;;;;
1287;SAJMP;Gravador de Audiência;Criar modelo de documento;Criar modelo com categoria de gravação;;;;;;;
1288;SAJMP;Gravador de Audiência;Emitir documento;Emitir documento com categoria de gravação;;;;;;;
1289;SAJMP;Gravador de Audiência;Iniciar;Iniciar gravação;;;;;;;
1290;SAJMP;Gravador de Audiência;Pausar;Pausar gravação;;;;;;;
1291;SAJMP;Gravador de Audiência;Incluir marcação;Incluir marcação na gravação;;;;;;;
1292;SAJMP;Gravador de Audiência;Parar;Parar gravação;;;;;;;
1293;SAJMP;Gravador de Audiência;Salvar;Salvar gravação;;;;;;;
1294;SAJMP;Gravador de Audiência;Testar detectação de áudio;Testar detectação de dispositivo de áudio;;;;;;;
1295;SAJMP;Gravador de Audiência;Testar detectação de vídeo;Testar detectação de dispositivo de vídeo;;;;;;;
1296;SAJMP;Gravador de Audiência;Acessar o vídeo pela consulta;Testar acesso ao vídeo pela consulta;;;;;;;
1297;SAJMP;Gravador de Audiência;Acessar o vídeo pela pasta digital no primeiro monitor;Testar acesso ao vídeo através da pasta digital do primeiro monitor;;;;;;;
1298;SAJMP;Gravador de Audiência;Acessar o vídeo pela pasta digital no segundo monitor;Testar acesso ao vídeo através da pasta digital do segundo monitor;;;;;;;
1299;SAJMP;Gravador de Audiência;Acessar o vídeo pelo editor de texto;Testar acesso ao vídeo pelo editor de texto;;;;;;;
1300;SAJMP;Gravador de Audiência;Clicar no ícone de audiência na pasta digital;Testar o clique no ícone na pasta digital com scrollbar puxado;;;;;;;
1301;SAJMP;Gravador de Audiência;Verificar o nome do documento com audiência;Verificar se o nome do documento não está prejudicado por causa do ícone;;;;;;;
1302;SAJMP;Gravador de Audiência;Testar consulta de audiência por outra lotação;Testar consulta e checar se as marcações não aparecem;;;;;;;
1303;SAJMP;Gravador de Audiência;Verificar se a degravação está sendo realizada;Verificar se a degravação foi executada;;;;;;;
1304;SAJMP;Gravador de Audiência;Pasta digital MP;Importar documento, liberar nos autos e importar uma gravação;Parâmetro 51516 = S;;;;;;
1305;SAJMP;Gravador de Audiência;Pasta digital MP;Importar documento, liberar nos autos e importar mais de uma gravação;;;;;;;
1306;SAJMP;Gravador de Audiência;Pasta digital MP;Importar documento, não liberar nos autos e importar uma gravação;;;;;;;
1307;SAJMP;Gravador de Audiência;Pasta digital MP;Importar documento, não liberar nos autos e importar mais de uma gravação;;;;;;;
1308;SAJMP;Gravador de Audiência;Pasta digital MP;Verificar a exibição de Vídeos importados em documentos na Pasta Digital do MP;;;;;;;
1309;SAJMP;Gravador de Audiência;Editor de documentos;Emitir documento que possibilita importar gravação, importar uma gravação e finalizar;;;;;;;
1310;SAJMP;Gravador de Audiência;Editor de documentos;Emitir documento que possibilita importar gravação, importar uma gravação e finalizar/assinar;;;;;;;
1311;SAJMP;Gravador de Audiência;Editor de documentos;Emitir documento que não possibilita importar gravação, tentar importar uma gravação (Não deve possibilitar);;;;;;;
1312;SAJMP;Gravador de Audiência;Editor de documentos;Verificar a exibição de Vídeos importados em documentos no Editor de Documentos;;;;;;;
1313;SAJMP;Gravador de Audiência;Outras opções;Validar botão com indicação de gravação alterando o dimensionamento da sessão que lista os documentos;;;;;;;
1314;SAJMP;Gravador de Audiência;Outras opções;Consultar cadastros que possuam documentos com gravação de audiência vinculados (deve apresentar o ícone com quantidade de gravações);;;;;;;
1315;SAJMP;Gravador de Audiência;Outras opções;Executar cópia de documentos que possuam gravações vinculadas;;;;;;;
1316;SAJMP;Gravador de Audiência;Pasta digital MP;Importar documento, liberar nos autos e importar uma gravação (Não deve exibir os botões do Gravador de Audiência);Parâmetro 51516 = N;;;;;;
1317;SAJMP;Gravador de Audiência;Pasta digital MP;Importar documento, não liberar nos autos e importar uma gravação (Não deve exibir os botões do Gravador de Audiência);;;;;;;
1318;SAJMP;Gravador de Audiência;Editor de documentos;Emitir documento que possibilita importar gravação, importar uma gravação e finalizar (Não deve exibir os botões do Gravador de Audiência);;;;;;;
1319;SAJMP;Gravador de Audiência;Editor de documentos;Emitir documento que possibilita importar gravação, importar uma gravação e finalizar/assinar (Não deve exibir os botões do Gravador de Audiência);;;;;;;
1320;SAJMP;Gravador de Audiência;Outras opções;Consultar cadastros que possuam documentos com gravação de audiência vinculados (Não deve apresentar o ícone com quantidade de gravações);;;;;;;
1321;SAJMP;Atalho -  Tela inicial;F6;Atualizar a tela inicial;;;;;;;
1322;SAJMP;Atalho - Fluxo de Trabalho;F5;Atualizar a fila de trabalho;;;;;;;
1323;SAJMP;Atalho - Fluxo de Trabalho;F11;Abrir a pasta digital do TJ;;;;;;;
1324;SAJMP;Atalho - Fluxo de Trabalho;F12;Abrir a pasta digital do MP;;;;;;;
1325;SAJMP;Atalho - Fluxo de Trabalho;ALT + F;Fechar o fluxo de trabalho;;;;;;;
1326;SAJMP;Atalho - Fluxo de Trabalho;CTRL + I;Abrir a tela de informações adicionais;;;;;;;
1327;SAJMP;Atalho - Pasta digital MP;F12;Abrir a pasta digital do MP;;;;;;;
1328;SAJMP;Atalho - Pasta digital MP;ALT + F;Fechar a pasta digital do MP;;;;;;;
1329;SAJMP;Atalho - Pasta digital MP;ALT + I;Utilizar a função de impressão;;;;;;;
1330;SAJMP;Atalho - Pasta digital MP;ALT + L;Limpar a tela da pasta digital do MP;;;;;;;
1331;SAJMP;Atalho - Pasta digital MP;ALT + M;Mostrar as peças sem efeito;;;;;;;
1332;SAJMP;Atalho - Pasta digital MP;ALT + N;Abrir a tela de digitalização de documento;;;;;;;
1333;SAJMP;Atalho - Pasta digital MP;ALT + S;Salvar as alterações feitas na pasta digital do MP;;;;;;;
1334;SAJMP;Atalho - Pasta digital MP;CTRL + F12;Ocultar ou mostrar a barra de navegação lateral;;;;;;;
1335;SAJMP;Atalho - Pasta digital MP;CTRL + MAIS;Aumentar o zoom;;;;;;;
1336;SAJMP;Atalho - Pasta digital MP;CTRL + MENOS;Diminuir o zoom;;;;;;;
1337;SAJMP;Atalho - Pasta digital MP;MAIS;Expandir árvore do documento selecionado;;;;;;;
1338;SAJMP;Atalho - Pasta digital MP;MENOS;Contrair árvore do documento selecionado;;;;;;;
1339;SAJMP;Atalho - Pasta digital MP;CTRL + SHIFT + MAIS;Expandir a árvore de documentos;;;;;;;
1340;SAJMP;Atalho - Pasta digital MP;CTRL + SHIFT + MENOS;Contrair a árvore de documentos;;;;;;;
1341;SAJMP;Atalho - Pasta digital TJ;F11;Abrir a pasta digital do TJ;;;;;;;
1342;SAJMP;Atalho - Pasta digital TJ;ALT + F;Fechar a pasta digital do TJ;;;;;;;
1343;SAJMP;Atalho - Pasta digital TJ;ALT + L;Limpar a tela da pasta digital do TJ;;;;;;;
1344;SAJMP;Atalho - Pasta digital TJ;ALT + S;Salvar as alterações feitas na pasta digital do TJ;;;;;;;
1345;SAJMP;Atalho - Pasta digital TJ;CTRL + F11;Ocultar ou mostrar a barra de navegação lateral;;;;;;;
1346;SAJMP;Atalho - Pasta digital TJ;CTRL + MAIS;Aumentar o zoom;;;;;;;
1347;SAJMP;Atalho - Pasta digital TJ;CTRL + MENOS;Diminuir o zoom;;;;;;;
1348;SAJMP;Atalho - Pasta digital TJ;CTRL + SHIFT + MAIS;Expandir a árvore de documentos;;;;;;;
1349;SAJMP;Atalho - Pasta digital TJ;CTRL + SHIFT + MENOS;Contrair a árvore de documentos;;;;;;;
1350;SAJMP;Atalho - Documentos liberados;CTRL + A;Assinar o documento selecionado;;;;;;;
1351;SAJMP;Atalho - Documentos liberados;CTRL + P;Abrir a propriedade do documento selecionado;;;;;;;
1352;SAJMP;Atalho - Documentos liberados;CTRL + T;Tornar sem efeito o documento selecionado;;;;;;;
1353;SAJMP;Atalho - Doumentos aguardando liberação;CTRL + E;Excluir o documento selecionado;;;;;;;
1354;SAJMP;Atalho - Doumentos aguardando liberação;CTRL + J;Liberar o documento selecionado;;;;;;;
1355;SAJMP;Atalho - Doumentos aguardando liberação;CTRL + M;Marcar todos os documentos;;;;;;;
1356;SAJMP;Atalho - Doumentos aguardando liberação;CTRL + N;Desmarcar todos os documentos;;;;;;;
1357;SAJMP;Atalho - Doumentos aguardando liberação;CTRL + O;Recategorizar o documento selecionado;;;;;;;
1358;SAJMP;Atalho - Gerenciador de arquivos;F3;Ocultar ou mostrar o formulário de pesquisa;;;;;;;
1359;SAJMP;Atalho - Gerenciador de arquivos;ALT + T;Selecionar a aba pastas;;;;;;;
1360;SAJMP;Atalho - Gerenciador de arquivos;ALT + P;Selecionar a aba pesquisar;;;;;;;
1361;SAJMP;Atalho - Gerenciador de arquivos;CTRL + F4;Fechar o gerenciador de arquivos;;;;;;;
1362;SAJMP;Atalho - Gerenciador de arquivos;ALT + I;Editar o documento selecionado;;;;;;;
1363;SAJMP;Atalho - Gerenciador de arquivos;ALT + L;Limpar os campos do formulário de pesquisa;;;;;;;
1364;SAJMP;Atalho - Gerenciador de arquivos;ALT + S;Realizar a consulta;;;;;;;
1365;SAJMP;Atalho - Editor de textos;F3;Inserir o autotexto;;;;;;;
1366;SAJMP;Atalho - Editor de textos;F5;Abrir os campos automáticos quando estiver editando um modelo de documento;;;;;;;
1367;SAJMP;Atalho - Editor de textos;F6;Abrir o painel auxiliar quando estiver editar um documento;;;;;;;
1368;SAJMP;Atalho - Editor de textos;F7;Verificar a ortografia;;;;;;;
1369;SAJMP;Atalho - Editor de textos;F8;Abrir a propriedade do documento;;;;;;;
1370;SAJMP;Atalho - Editor de textos;F10;Tornar ativo o menu principal do editor;;;;;;;
1371;SAJMP;Atalho - Editor de textos;CTRL + F8;Abrir tela de finalização do documento;;;;;;;
1372;SAJMP;Atalho - Editor de textos;ALT + C;Confirmar a finalização de documentos;;;;;;;
1373;SAJMP;Atalho - Editor de textos;CTRL + O;Criar documento externo;;;;;;;
1374;SAJMP;Atalho - Editor de textos;CTRL + U;Substituir texto;;;;;;;
1375;SAJMP;Atalho - Editor de textos;CTRL + K;Inserir hyperlink;;;;;;;
1376;SAJMP;Atalho - Editor de textos;CTRL + Q;Quebrar os campos automáticos;;;;;;;
1377;SAJMP;Atalho - Editor de textos;CTRL + G;Buscar os asteriscos contidos no documento;;;;;;;
1378;SAJMP;Atalho - Editor de textos;CTRL + M;Preencher o complemento do movimento;;;;;;;
1379;SAJMP;Atalho - Editor de textos;CTRL + A;Abrir um arquivo;;;;;;;
1380;SAJMP;Atalho - Editor de textos;CTRL + B;Salvar o documento;;;;;;;
1381;SAJMP;Atalho - Editor de textos;CTRL + P;Imprimir o documento;;;;;;;
1382;SAJMP;Atalho - Editor de textos;CTRL + Z;Desfazer a última ação;;;;;;;
1383;SAJMP;Atalho - Editor de textos;CTRL + R;Refazer a última ação;;;;;;;
1384;SAJMP;Atalho - Editor de textos;CTRL + X;Recortar;;;;;;;
1385;SAJMP;Atalho - Editor de textos;CTRL + C;Copiar;;;;;;;
1386;SAJMP;Atalho - Editor de textos;CTRL + V;Colar;;;;;;;
1387;SAJMP;Atalho - Editor de textos;CTRL + T;Selecionar todo o texto;;;;;;;
1388;SAJMP;Atalho - Editor de textos;CTRL + L;Localizar uma palavra;;;;;;;
1389;SAJMP;Atalho - Editor de textos;CTRL + N;Formatar com negrito;;;;;;;
1390;SAJMP;Atalho - Editor de textos;CTRL + S;Formatar com sublinhado;;;;;;;
1391;SAJMP;Atalho - Editor de textos;CTRL + I;Formatar com itálico;;;;;;;
1392;SAJMP;Atalho - Editor de textos;CTRL + ENTER;Inserir uma quebra de página;;;;;;;
1393;SAJMP;Atalho - Editor de textos;CTRL + F4;Sair do editor de texto;;;;;;;
1394;SAJMP;Atalho - Editor de textos;CTRL + ALT + F;Incluir uma nota de rodapé;;;;;;;
1395;SAJMP;Atalho - Editor de textos;CTRL + 1;Inserir parágrafo simples;;;;;;;
1396;SAJMP;Atalho - Editor de textos;CTRL + 2;Inserir parágrafo duplo;;;;;;;
1397;SAJMP;Atalho - Editor de textos;CTRL + 5;Inserir parágrafo 1,5 linha;;;;;;;
1398;SAJMP;Atalho - Geral;F4;Alternar entre o editor de texto e outras janelas;;;;;;;
1399;SAJMP;Atalho - Geral;F5;Abrir a tela de pesquisa no campo correspondente;;;;;;;
1400;SAJMP;Atalho - Geral;F9;Carregar o número do último cadastro manipulado;;;;;;;
1401;SAJMP;Atalho - Geral;F11;Abrir a pasta digital do TJ;;;;;;;
1402;SAJMP;Atalho - Geral;F12;Abrir a pasta digital do MP;;;;;;;
1403;SAJMP;Atalho - Geral;ALT + R;Abrir a tela de remessa;;;;;;;
1404;SAJMP;Atalho - Geral;TAB;Avançar um campo disponível;;;;;;;
1405;SAJMP;Atalho - Geral;SHIFT + TAB;Retroceder um campo disponível;;;;;;;
1406;INTEGRAÇÃO;Integração - SAJ;Processo de 1º grau;Recebimento de intimações - verificar encerramento da pendência de intimação e lançamento da pendência de manifestação;;FABRICIO;ITEM DESABILITADO;;;;
1407;INTEGRAÇÃO;Integração - SAJ;Processo de 1º grau;Efetuar a Importação de Processo Físico;;FABRICIO;ITEM DESABILITADO;;;;
1408;INTEGRAÇÃO;Integração - SAJ;Processo de 1º grau;Efetuar recebimento de intimação de Processo através da tela de Carga ;;FABRICIO;ITEM DESABILITADO;;;;
1409;INTEGRAÇÃO;Integração - SAJ;Processo de 1º grau;Efetuar recebimento de intimação de Processo através da Pasta Digital do TJ;;FABRICIO;ITEM DESABILITADO;;;;
1410;INTEGRAÇÃO;Integração - SAJ;Processo de 1º grau;Efetuar recebimento de intimação de Processo através de Atividade do Fluxo de Trabalho;;FABRICIO;ITEM DESABILITADO;;;;
1411;INTEGRAÇÃO;Integração - SAJ;Processo de 1º grau;Efetuar recebimento de intimação de Processo através  de um Peticionamento;;FABRICIO;ITEM DESABILITADO;;;;
1412;INTEGRAÇÃO;Integração - SAJ;Processo de 1º grau;Efetuar o recebimento de mais de um ato para o mesmo processo;;FABRICIO;ITEM DESABILITADO;;;;
1413;INTEGRAÇÃO;Integração - SAJ;Processo de 1º grau;Acessar a Pasta Digital do TJ de um dos cadastros importados;;FABRICIO;ITEM DESABILITADO;;;;
1414;INTEGRAÇÃO;Integração - SAJ;Processo de 1º grau;Consulta da pauta de audiências (Pauta cadastrada no PG);;FABRICIO;ITEM DESABILITADO;;;;
1415;INTEGRAÇÃO;Integração - SAJ;Processo de 1º grau;Efetuar consulta de Pauta de Audiência através da Agenda de Processo;;FABRICIO;ITEM DESABILITADO;;;;
1416;INTEGRAÇÃO;Integração - SAJ;Processo de 1º grau;Efetuar consulta de Pauta de Audiência através do Menu Consulta >> Pauta de Audiência do TJ;;FABRICIO;ITEM DESABILITADO;;;;
1417;INTEGRAÇÃO;Integração - SAJ;Processo de 1º grau;Verificar se após a importação de um processo que tenha Pauta de Audiência foi cadastrado um agendamento;;FABRICIO;ITEM DESABILITADO;;;;
1418;INTEGRAÇÃO;Integração - SAJ;Processo de 2º grau;Efetuar a Importação de Processo Físico;;FABRICIO;ITEM DESABILITADO;;;;
1419;INTEGRAÇÃO;Integração - SAJ;Processo de 2º grau;Efetuar recebimento de intimação de Processo através da tela de Carga ;;FABRICIO;ITEM DESABILITADO;;;;
1420;INTEGRAÇÃO;Integração - SAJ;Processo de 2º grau;Efetuar recebimento de intimação de Processo através da Pasta Digital do TJ;;FABRICIO;ITEM DESABILITADO;;;;
1421;INTEGRAÇÃO;Integração - SAJ;Processo de 2º grau;Efetuar recebimento de intimação de Processo através de Atividade do Fluxo de Trabalho;;FABRICIO;ITEM DESABILITADO;;;;
1422;INTEGRAÇÃO;Integração - SAJ;Processo de 2º grau;Efetuar recebimento de intimação de Processo através  de um Peticionamento;;FABRICIO;ITEM DESABILITADO;;;;
1423;INTEGRAÇÃO;Integração - SAJ;Processo de 2º grau;Efetuar o recebimento de mais de um ato para o mesmo processo;;FABRICIO;ITEM DESABILITADO;;;;
1424;INTEGRAÇÃO;Integração - SAJ;Processo de 2º grau;Acessar a Pasta Digital do TJ de um dos cadastros importados;;FABRICIO;ITEM DESABILITADO;;;;
1425;INTEGRAÇÃO;Integração - SAJ;Peticionamento de 1º grau - Pasta MP;Efetuar Petição Inicial;;FABRICIO;ITEM DESABILITADO;;;;
1426;INTEGRAÇÃO;Integração - SAJ;Peticionamento de 1º grau - Pasta MP;Efetuar Petição Intermediária;;FABRICIO;ITEM DESABILITADO;;;;
1427;INTEGRAÇÃO;Integração - SAJ;Peticionamento de 1º grau - Pasta MP;Efetuar Petição Diversa;;FABRICIO;ITEM DESABILITADO;;;;
1428;INTEGRAÇÃO;Integração - SAJ;Peticionamento de 1º grau - Pasta MP;Efetuar peticionamento finalizando apenas UMA pendência de Manifestação;;FABRICIO;ITEM DESABILITADO;;;;
1429;INTEGRAÇÃO;Integração - SAJ;Peticionamento de 1º grau - Pasta MP;Efetuar peticionamento finalizando DUAS ou TODAS as pendência de Manifestação;;FABRICIO;ITEM DESABILITADO;;;;
1430;INTEGRAÇÃO;Integração - SAJ;Peticionamento de 1º grau - Gerenciador de Arquivos;Efetuar Peticionamento em Lote selecionando somente Processos;;FABRICIO;ITEM DESABILITADO;;;;
1431;INTEGRAÇÃO;Integração - SAJ;Peticionamento de 1º grau - Gerenciador de Arquivos;Efetuar Peticionamento em Lote selecionando Processos e ao menos um cadastro de Extrajudicial ;;FABRICIO;ITEM DESABILITADO;;;;
1432;INTEGRAÇÃO;Integração - SAJ;Peticionamento de 1º grau - Editor;Efetuar Petição pelo Editor de Textos (Finalizar, Assinar e Peticionar);;FABRICIO;ITEM DESABILITADO;;;;
1433;INTEGRAÇÃO;Integração - SAJ;Peticionamento de 1º grau - Outras opções;Verificar abertura da Pasta Digital do MP para seleção de documento (1 e 2 Monitores);;FABRICIO;ITEM DESABILITADO;;;;
1434;INTEGRAÇÃO;Integração - SAJ;Peticionamento de 1º grau - Outras opções;Minimizar/Maximizar Pasta Digital aberta através da tela de Peticionamento;;FABRICIO;ITEM DESABILITADO;;;;
1435;INTEGRAÇÃO;Integração - SAJ;Peticionamento de 1º grau - Outras opções;Inserir documentos na tela de Petição aberta pela Pasta Digital (Com a Pasta Digital aberta, selecionar um documento e clicar em Peticionar. Com a tela de Petição aberta, clicar no botão + para selecionar mais um documento. Deve abrir uma nova tela da Pasta Digital para seleção de mais documento. Ao clicar em selecionar fecha automaticamente essa segunda tela, mantendo a tela inicial aberta);;FABRICIO;ITEM DESABILITADO;;;;
1436;INTEGRAÇÃO;Integração - SAJ;Peticionamento de 1º grau - Outras opções;Efetuar peticionamento utilizando mídia;;FABRICIO;ITEM DESABILITADO;;;;
1437;INTEGRAÇÃO;Integração - SAJ;Peticionamento de 2º grau - Pasta MP;Efetuar Petição Inicial;;FABRICIO;ITEM DESABILITADO;;;;
1438;INTEGRAÇÃO;Integração - SAJ;Peticionamento de 2º grau - Pasta MP;Efetuar Petição Intermediária;;FABRICIO;ITEM DESABILITADO;;;;
1439;INTEGRAÇÃO;Integração - SAJ;Peticionamento de 2º grau - Pasta MP;Efetuar Petição Diversa;;FABRICIO;ITEM DESABILITADO;;;;
1440;INTEGRAÇÃO;Integração - SAJ;Peticionamento de 2º grau - Pasta MP;Efetuar peticionamento finalizando apenas UMA pendência de Manifestação;;FABRICIO;ITEM DESABILITADO;;;;
1441;INTEGRAÇÃO;Integração - SAJ;Peticionamento de 2º grau - Pasta MP;Efetuar peticionamento finalizando DUAS ou TODAS as pendência de Manifestação;;FABRICIO;ITEM DESABILITADO;;;;
1442;INTEGRAÇÃO;Integração - SAJ;Peticionamento de 2º grau - Gerenciador de Arquivos;Efetuar Peticionamento em Lote selecionando somente Processos;;FABRICIO;ITEM DESABILITADO;;;;
1443;INTEGRAÇÃO;Integração - SAJ;Peticionamento de 2º grau - Gerenciador de Arquivos;Efetuar Peticionamento em Lote selecionando Processos e ao menos um cadastro de Extrajudicial ;;FABRICIO;ITEM DESABILITADO;;;;
1444;INTEGRAÇÃO;Integração - SAJ;Peticionamento de 2º grau - Editor;Efetuar Petição pelo Editor de Textos (Finalizar, Assinar e Peticionar);;FABRICIO;ITEM DESABILITADO;;;;
1445;INTEGRAÇÃO;Integração - SAJ;Peticionamento de 2º grau - Outras opções;Verificar abertura da Pasta Digital do MP para seleção de documento (1 e 2 Monitores);;FABRICIO;ITEM DESABILITADO;;;;
1446;INTEGRAÇÃO;Integração - SAJ;Peticionamento de 2º grau - Outras opções;Minimizar/Maximizar Pasta Digital aberta através da tela de Peticionamento;;FABRICIO;ITEM DESABILITADO;;;;
1447;INTEGRAÇÃO;Integração - SAJ;Peticionamento de 2º grau - Outras opções;Inserir documentos na tela de Petição aberta pela Pasta Digital (Com a Pasta Digital aberta, selecionar um documento e clicar em Peticionar. Com a tela de Petição aberta, clicar no botão + para selecionar mais um documento. Deve abrir uma nova tela da Pasta Digital para seleção de mais documento. Ao clicar em selecionar fecha automaticamente essa segunda tela, mantendo a tela inicial aberta);;FABRICIO;ITEM DESABILITADO;;;;
1448;INTEGRAÇÃO;Integração - SAJ;Peticionamento de 2º grau - Outras opções;Efetuar peticionamento utilizando mídia;;FABRICIO;ITEM DESABILITADO;;;;
1449;INTEGRAÇÃO;Integração - STJ;Peticionamento ;Efetuar peticionamento;;FABRICIO;ITEM DESABILITADO;;;;
1450;INTEGRAÇÃO;Integração - STJ;Peticionamento - Pasta MP;Efetuar Petição Inicial;;FABRICIO;ITEM DESABILITADO;;;;
1451;INTEGRAÇÃO;Integração - STJ;Peticionamento - Pasta MP;Efetuar Petição Intermediária;;FABRICIO;ITEM DESABILITADO;;;;
1452;INTEGRAÇÃO;Integração - STJ;Peticionamento - Pasta MP;Efetuar Petição Diversa;;FABRICIO;ITEM DESABILITADO;;;;
1453;INTEGRAÇÃO;Integração - STJ;Peticionamento - Pasta MP;Efetuar peticionamento finalizando apenas UMA pendência de Manifestação;;FABRICIO;ITEM DESABILITADO;;;;
1454;INTEGRAÇÃO;Integração - STJ;Peticionamento - Pasta MP;Efetuar peticionamento finalizando DUAS ou TODAS as pendência de Manifestação;;FABRICIO;ITEM DESABILITADO;;;;
1455;INTEGRAÇÃO;Integração - STJ;Peticionamento - Gerenciador de Arquivos;Efetuar Peticionamento em Lote selecionando somente Processos;;FABRICIO;ITEM DESABILITADO;;;;
1456;INTEGRAÇÃO;Integração - STJ;Peticionamento - Gerenciador de Arquivos;Efetuar Peticionamento em Lote selecionando Processos e ao menos um cadastro de Extrajudicial ;;FABRICIO;ITEM DESABILITADO;;;;
1457;INTEGRAÇÃO;Integração - STJ;Peticionamento - Editor;Efetuar Petição pelo Editor de Textos (Finalizar, Assinar e Peticionar);;FABRICIO;ITEM DESABILITADO;;;;
1458;INTEGRAÇÃO;Integração - STJ;Peticionamento - Outras opções;Verificar abertura da Pasta Digital do MP para seleção de documento (1 e 2 Monitores);;FABRICIO;ITEM DESABILITADO;;;;
1459;INTEGRAÇÃO;Integração - STJ;Peticionamento - Outras opções;Minimizar/Maximizar Pasta Digital aberta através da tela de Peticionamento;;FABRICIO;ITEM DESABILITADO;;;;
1460;INTEGRAÇÃO;Integração - STJ;Peticionamento - Outras opções;Inserir documentos na tela de Petição aberta pela Pasta Digital (Com a Pasta Digital aberta, selecionar um documento e clicar em Peticionar. Com a tela de Petição aberta, clicar no botão + para selecionar mais um documento. Deve abrir uma nova tela da Pasta Digital para seleção de mais documento. Ao clicar em selecionar fecha automaticamente essa segunda tela, mantendo a tela inicial aberta);;FABRICIO;ITEM DESABILITADO;;;;
1461;INTEGRAÇÃO;Integração - STJ;Peticionamento - Outras opções;Efetuar peticionamento utilizando mídia;;FABRICIO;ITEM DESABILITADO;;;;
1462;INTEGRAÇÃO;Integração - STJ;Recebimento;Efetuar recebimento de Aviso pela tela de Status da Importação;;FABRICIO;ITEM DESABILITADO;;;;
1463;INTEGRAÇÃO;Integração - STJ;Recebimento;Efetuar recebimento manual de Aviso pela tela de Status da Importação;;FABRICIO;ITEM DESABILITADO;;;;
1464;INTEGRAÇÃO;Integração - STJ;Recebimento;Efetuar recebimento de Aviso pelo Fluxo de Trabalho (Receber intimação);;FABRICIO;ITEM DESABILITADO;;;;
1465;INTEGRAÇÃO;Integração - STJ;Recebimento;Efetuar recebimento de Aviso pelo Fluxo de Trabalho (Pela atividade de Ciência) deve receber a intimação e peticionar;;FABRICIO;ITEM DESABILITADO;;;;
1466;INTEGRAÇÃO;Integração - STJ;Recebimento;Efetuar recebimento de Aviso atrvés do peticionamento de processo com aviso pendente de recebimento;;FABRICIO;ITEM DESABILITADO;;;;
1467;INTEGRAÇÃO;Integração - STJ;Recebimento;Efetuar recebimento de Aviso atrvés do peticionamento em lote de processos com aviso pendente de recebimento;;FABRICIO;ITEM DESABILITADO;;;;
1468;INTEGRAÇÃO;Integração - STJ;Recebimento;Acessar a Pasta Digital do TJ do cadastro importado (lembrando que deve abrir a Pasta Digital do TJ para MNI);;FABRICIO;ITEM DESABILITADO;;;;
1469;INTEGRAÇÃO;Integração - STJ;Recebimento;Verificar encerramento da pendência de intimação e lançamento da pendência de manifestação;;FABRICIO;ITEM DESABILITADO;;;;
1470;INTEGRAÇÃO;Integração - STJ;Recebimento;Efetuar recebimento de Aviso pela tela de Status da Importação;;FABRICIO;ITEM DESABILITADO;;;;
1471;INTEGRAÇÃO;Integração - STJ;Recebimento;Efetuar recebimento manual de Aviso pela tela de Status da Importação;;FABRICIO;ITEM DESABILITADO;;;;
1472;INTEGRAÇÃO;Integração - STJ;Recebimento;Efetuar recebimento de Aviso pelo Fluxo de Trabalho (Receber intimação);;FABRICIO;ITEM DESABILITADO;;;;
1473;INTEGRAÇÃO;Integração - STJ;Recebimento;Efetuar recebimento de Aviso pelo Fluxo de Trabalho (Pela atividade de Ciência) deve receber a intimação e peticionar;;FABRICIO;ITEM DESABILITADO;;;;
1474;INTEGRAÇÃO;Integração - STJ;Recebimento;Efetuar recebimento de Aviso atrvés do peticionamento de processo com aviso pendente de recebimento;;FABRICIO;ITEM DESABILITADO;;;;
1475;INTEGRAÇÃO;Integração - STJ;Recebimento;Efetuar recebimento de Aviso atrvés do peticionamento em lote de processos com aviso pendente de recebimento;;FABRICIO;ITEM DESABILITADO;;;;
1476;INTEGRAÇÃO;Integração - STJ;Recebimento;Acessar a Pasta Digital do TJ do cadastro importado (lembrando que deve abrir a Pasta Digital do TJ para MNI);;FABRICIO;ITEM DESABILITADO;;;;
1477;INTEGRAÇÃO;Integração - STJ;Recebimento;Verificar encerramento da pendência de intimação e lançamento da pendência de manifestação;;FABRICIO;ITEM DESABILITADO;;;;
1478;INTEGRAÇÃO;Integração - EPROC;Recebimento de avisos - 1º grau;Efetuar recebimento de Aviso pela tela de Status da Importação;;FABRICIO;ITEM DESABILITADO;;;;
1479;INTEGRAÇÃO;Integração - EPROC;Recebimento de avisos - 1º grau;Efetuar recebimento manual de Aviso pela tela de Status da Importação;;FABRICIO;ITEM DESABILITADO;;;;
1480;INTEGRAÇÃO;Integração - EPROC;Recebimento de avisos - 1º grau;Efetuar recebimento de Aviso pelo Fluxo de Trabalho (Receber intimação);;FABRICIO;ITEM DESABILITADO;;;;
1481;INTEGRAÇÃO;Integração - EPROC;Recebimento de avisos - 1º grau;Efetuar recebimento de Aviso pelo Fluxo de Trabalho (Pela atividade de Ciência) deve receber a intimação e peticionar;;FABRICIO;ITEM DESABILITADO;;;;
1482;INTEGRAÇÃO;Integração - EPROC;Recebimento de avisos - 1º grau;Efetuar recebimento de Aviso atrvés do peticionamento de processo com aviso pendente de recebimento;;FABRICIO;ITEM DESABILITADO;;;;
1483;INTEGRAÇÃO;Integração - EPROC;Recebimento de avisos - 1º grau;Efetuar recebimento de Aviso atrvés do peticionamento em lote de processos com aviso pendente de recebimento;;FABRICIO;ITEM DESABILITADO;;;;
1484;INTEGRAÇÃO;Integração - EPROC;Recebimento de avisos - 1º grau;Acessar a Pasta Digital do TJ do cadastro importado (lembrando que deve abrir a Pasta Digital do TJ para MNI);;FABRICIO;ITEM DESABILITADO;;;;
1485;INTEGRAÇÃO;Integração - EPROC;Recebimento de avisos - 1º grau;Verificar encerramento da pendência de intimação e lançamento da pendência de manifestação;;FABRICIO;ITEM DESABILITADO;;;;
1486;INTEGRAÇÃO;Integração - EPROC;Recebimento de avisos - 2º grau;Efetuar recebimento de Aviso pela tela de Status da Importação;;FABRICIO;ITEM DESABILITADO;;;;
1487;INTEGRAÇÃO;Integração - EPROC;Recebimento de avisos - 2º grau;Efetuar recebimento manual de Aviso pela tela de Status da Importação;;FABRICIO;ITEM DESABILITADO;;;;
1488;INTEGRAÇÃO;Integração - EPROC;Recebimento de avisos - 2º grau;Efetuar recebimento de Aviso pelo Fluxo de Trabalho (Receber intimação);;FABRICIO;ITEM DESABILITADO;;;;
1489;INTEGRAÇÃO;Integração - EPROC;Recebimento de avisos - 2º grau;Efetuar recebimento de Aviso pelo Fluxo de Trabalho (Pela atividade de Ciência) deve receber a intimação e peticionar;;FABRICIO;ITEM DESABILITADO;;;;
1490;INTEGRAÇÃO;Integração - EPROC;Recebimento de avisos - 2º grau;Efetuar recebimento de Aviso atrvés do peticionamento de processo com aviso pendente de recebimento;;FABRICIO;ITEM DESABILITADO;;;;
1491;INTEGRAÇÃO;Integração - EPROC;Recebimento de avisos - 2º grau;Efetuar recebimento de Aviso atrvés do peticionamento em lote de processos com aviso pendente de recebimento;;FABRICIO;ITEM DESABILITADO;;;;
1492;INTEGRAÇÃO;Integração - EPROC;Recebimento de avisos - 2º grau;Acessar a Pasta Digital do TJ do cadastro importado (lembrando que deve abrir a Pasta Digital do TJ para MNI);;FABRICIO;ITEM DESABILITADO;;;;
1493;INTEGRAÇÃO;Integração - EPROC;Recebimento de avisos - 2º grau;Verificar encerramento da pendência de intimação e lançamento da pendência de manifestação;;FABRICIO;ITEM DESABILITADO;;;;
1494;INTEGRAÇÃO;Integração - EPROC;Peticionamento - EPROC - 1º grau;Efetuar Petição Inicial;;FABRICIO;ITEM DESABILITADO;;;;
1495;INTEGRAÇÃO;Integração - EPROC;Peticionamento - EPROC - 1º grau;Efetuar Petição Inicial com documento com mais de uma página (Parâmetro 51529 = S) – Será mostrado em um documento só no EPROC;;FABRICIO;ITEM DESABILITADO;;;;
1496;INTEGRAÇÃO;Integração - EPROC;Peticionamento - EPROC - 1º grau;Efetuar Petição Inicial com documento com mais de uma página (Parâmetro 51529 = N) – Será mostrado por página no EPROC;;FABRICIO;ITEM DESABILITADO;;;;
1497;INTEGRAÇÃO;Integração - EPROC;Peticionamento - EPROC - 1º grau;Efetuar Petição Inicial com mídia;;FABRICIO;ITEM DESABILITADO;;;;
1498;INTEGRAÇÃO;Integração - EPROC;Peticionamento - EPROC - 1º grau;Efetuar Petição Intermediária;;FABRICIO;ITEM DESABILITADO;;;;
1499;INTEGRAÇÃO;Integração - EPROC;Peticionamento - EPROC - 1º grau;Efetuar Petição Intermediária com documento com mais de uma página (Parâmetro 51529 = S) – Será mostrado em um documento só no EPROC;;FABRICIO;ITEM DESABILITADO;;;;
1500;INTEGRAÇÃO;Integração - EPROC;Peticionamento - EPROC - 1º grau;Efetuar Petição Intermediária  com documento com mais de uma página (Parâmetro 51529 = N) – Será mostrado um arquivo por página no EPROC;;FABRICIO;ITEM DESABILITADO;;;;
1501;INTEGRAÇÃO;Integração - EPROC;Peticionamento - EPROC - 1º grau;Efetuar Petição Intermediária sem envio de documento (utilizar os tipos de petição 182, 211 e 210);;FABRICIO;ITEM DESABILITADO;;;;
1502;INTEGRAÇÃO;Integração - EPROC;Peticionamento - EPROC - 1º grau;Efetuar Petição Intermediária com mídia;;FABRICIO;ITEM DESABILITADO;;;;
1503;INTEGRAÇÃO;Integração - EPROC;Peticionamento - EPROC - 1º grau;Efetuar Petição em Lote atrvés do Pelo Gerenciador de Arquivos;;FABRICIO;ITEM DESABILITADO;;;;
1504;INTEGRAÇÃO;Integração - EPROC;Peticionamento - EPROC - 1º grau;Efetuar Petição pelo Editor de Textos atrvés da opção de Finalizar, Assinar e Peticionar;;FABRICIO;ITEM DESABILITADO;;;;
1505;INTEGRAÇÃO;Integração - EPROC;Peticionamento - EPROC - 1º grau;Efetuar sinalização de Redistribuir na próxima intimação (Atividade no Fluxo de Trabalho) - Marcar Redistribuir na próxima intimação (verificar colocação da tarja no cadastro e mudança na atividade) ;;FABRICIO;ITEM DESABILITADO;;;;
1506;INTEGRAÇÃO;Integração - EPROC;Peticionamento - EPROC - 1º grau;Efetuar sinalização de Cancelamento da Redistribuir na próxima intimação (Atividade no Fluxo de Trabalho) - Marcar Cancelar Redistribuição na próxima intimação (verificar retirada da tarja no cadastro e mudança na atividade) ;;FABRICIO;ITEM DESABILITADO;;;;
1507;INTEGRAÇÃO;Integração - EPROC;Peticionamento - EPROC - 1º grau;Verificar se ao peticionar finalizou apenas UMA pendência de Manifestação;;FABRICIO;ITEM DESABILITADO;;;;
1508;INTEGRAÇÃO;Integração - EPROC;Peticionamento - EPROC - 1º grau;Verificar se ao peticionar finalizou apenas DUAS ou TODAS as pendência de Manifestação;;FABRICIO;ITEM DESABILITADO;;;;
1509;INTEGRAÇÃO;Integração - EPROC;Peticionamento - EPROC - 1º grau;"Efetuar peticionamento com mídias
Documentos: PDF (Tamanho máximo = 11MB)
Áudio: MP3, WMA e WAV (Tamanho máximo = 250MB) – Peticiona somente em Iniciais!
Imagens: JPEG, JPG e PNG (Tamanho máximo = 11MB)
Videos: MP4, WMV, MPG e MPEG (Tamanho máximo = 250MB).";;FABRICIO;ITEM DESABILITADO;;;;
1510;INTEGRAÇÃO;Integração - EPROC;Peticionamento - EPROC - 2º grau;Efetuar Petição Inicial;;FABRICIO;ITEM DESABILITADO;;;;
1511;INTEGRAÇÃO;Integração - EPROC;Peticionamento - EPROC - 2º grau;Efetuar Petição Inicial com documento com mais de uma página (Parâmetro 51529 = S) – Será mostrado em um documento só no EPROC;;FABRICIO;ITEM DESABILITADO;;;;
1512;INTEGRAÇÃO;Integração - EPROC;Peticionamento - EPROC - 2º grau;Efetuar Petição Inicial com documento com mais de uma página (Parâmetro 51529 = N) – Será mostrado por página no EPROC;;FABRICIO;ITEM DESABILITADO;;;;
1513;INTEGRAÇÃO;Integração - EPROC;Peticionamento - EPROC - 2º grau;Efetuar Petição Inicial com mídia;;FABRICIO;ITEM DESABILITADO;;;;
1514;INTEGRAÇÃO;Integração - EPROC;Peticionamento - EPROC - 2º grau;Efetuar Petição Intermediária;;FABRICIO;ITEM DESABILITADO;;;;
1515;INTEGRAÇÃO;Integração - EPROC;Peticionamento - EPROC - 2º grau;Efetuar Petição Intermediária com documento com mais de uma página (Parâmetro 51529 = S) – Será mostrado em um documento só no EPROC;;FABRICIO;ITEM DESABILITADO;;;;
1516;INTEGRAÇÃO;Integração - EPROC;Peticionamento - EPROC - 2º grau;Efetuar Petição Intermediária  com documento com mais de uma página (Parâmetro 51529 = N) – Será mostrado um arquivo por página no EPROC;;FABRICIO;ITEM DESABILITADO;;;;
1517;INTEGRAÇÃO;Integração - EPROC;Peticionamento - EPROC - 2º grau;Efetuar Petição Intermediária sem envio de documento (utilizar os tipos de petição 182, 211 e 210);;FABRICIO;ITEM DESABILITADO;;;;
1518;INTEGRAÇÃO;Integração - EPROC;Peticionamento - EPROC - 2º grau;Efetuar Petição Intermediária com mídia;;FABRICIO;ITEM DESABILITADO;;;;
1519;INTEGRAÇÃO;Integração - EPROC;Peticionamento - EPROC - 2º grau;Efetuar Petição em Lote atrvés do Pelo Gerenciador de Arquivos;;FABRICIO;ITEM DESABILITADO;;;;
1520;INTEGRAÇÃO;Integração - EPROC;Peticionamento - EPROC - 2º grau;Efetuar Petição pelo Editor de Textos atrvés da opção de Finalizar, Assinar e Peticionar;;FABRICIO;ITEM DESABILITADO;;;;
1521;INTEGRAÇÃO;Integração - EPROC;Peticionamento - EPROC - 2º grau;Efetuar sinalização de Redistribuir na próxima intimação (Atividade no Fluxo de Trabalho) - Marcar Redistribuir na próxima intimação (verificar colocação da tarja no cadastro e mudança na atividade) ;;FABRICIO;ITEM DESABILITADO;;;;
1522;INTEGRAÇÃO;Integração - EPROC;Peticionamento - EPROC - 2º grau;Efetuar sinalização de Cancelamento da Redistribuir na próxima intimação (Atividade no Fluxo de Trabalho) - Marcar Cancelar Redistribuição na próxima intimação (verificar retirada da tarja no cadastro e mudança na atividade) ;;FABRICIO;ITEM DESABILITADO;;;;
1523;INTEGRAÇÃO;Integração - EPROC;Peticionamento - EPROC - 2º grau;Verificar se ao peticionar finalizou apenas UMA pendência de Manifestação;;FABRICIO;ITEM DESABILITADO;;;;
1524;INTEGRAÇÃO;Integração - EPROC;Peticionamento - EPROC - 2º grau;Verificar se ao peticionar finalizou apenas DUAS ou TODAS as pendência de Manifestação;;FABRICIO;ITEM DESABILITADO;;;;
1525;INTEGRAÇÃO;Integração - EPROC;Peticionamento - EPROC - 2º grau;"Efetuar peticionamento com mídias
Documentos: PDF (Tamanho máximo = 11MB)
Áudio: MP3, WMA e WAV (Tamanho máximo = 250MB) – Peticiona somente em Iniciais!
Imagens: JPEG, JPG e PNG (Tamanho máximo = 11MB)
Videos: MP4, WMV, MPG e MPEG (Tamanho máximo = 250MB).";;FABRICIO;ITEM DESABILITADO;;;;
1526;INTEGRAÇÃO;Integração - EPROC;Tramitação Direta;Efetuar recebimento de aviso com tramitação direta Pela tela de Status da Importação;;FABRICIO;ITEM DESABILITADO;;;;
1527;INTEGRAÇÃO;Integração - EPROC;Tramitação Direta;Verificar no Cadastro do Processo se existe a tag T. DIRETA;;FABRICIO;ITEM DESABILITADO;;;;
1528;INTEGRAÇÃO;Integração - EPROC;Tramitação Direta;"Peticionar utilizando o Tipo de Petição - 166 (TRAMITAÇÃO DIRETA DILAÇÃO DE PRAZO DEFERIDA)
Para esse tipo de petição é preciso informar um prazo de dilação em dias (campo aberto ao lado do campo de Tipo de Petição, na tela de Petição). Esta informação deve seguir junto com o peticionamento e mostrado na coluna NUDIASDILACAO.
Se possível, verificar no xml de envio da petição se o NUDIASDILACAO está contido nas informações!";;FABRICIO;ITEM DESABILITADO;;;;
1529;INTEGRAÇÃO;Integração - SEEU;Recebimento de avisos - 1º grau;Efetuar recebimento de Aviso pela tela de Status da Importação;;FABRICIO;ITEM DESABILITADO;;;NÃO FOI POSSÍVEL TESTAR A INTEGRAÇÃO;
1530;INTEGRAÇÃO;Integração - SEEU;Recebimento de avisos - 1º grau;Efetuar recebimento manual de Aviso pela tela de Status da Importação;;FABRICIO;ITEM DESABILITADO;;;NÃO FOI POSSÍVEL TESTAR A INTEGRAÇÃO;
1531;INTEGRAÇÃO;Integração - SEEU;Recebimento de avisos - 1º grau;Efetuar recebimento de Aviso pelo Fluxo de Trabalho (Receber intimação);;FABRICIO;ITEM DESABILITADO;;;NÃO FOI POSSÍVEL TESTAR A INTEGRAÇÃO;
1532;INTEGRAÇÃO;Integração - SEEU;Recebimento de avisos - 1º grau;Efetuar recebimento de Aviso pelo Fluxo de Trabalho (Pela atividade de Ciência) deve receber a intimação e peticionar;;FABRICIO;ITEM DESABILITADO;;;NÃO FOI POSSÍVEL TESTAR A INTEGRAÇÃO;
1533;INTEGRAÇÃO;Integração - SEEU;Recebimento de avisos - 1º grau;Efetuar recebimento de Aviso atrvés do peticionamento de processo com aviso pendente de recebimento;;FABRICIO;ITEM DESABILITADO;;;NÃO FOI POSSÍVEL TESTAR A INTEGRAÇÃO;
1534;INTEGRAÇÃO;Integração - SEEU;Recebimento de avisos - 1º grau;Efetuar recebimento de Aviso atrvés do peticionamento em lote de processos com aviso pendente de recebimento;;FABRICIO;ITEM DESABILITADO;;;NÃO FOI POSSÍVEL TESTAR A INTEGRAÇÃO;
1535;INTEGRAÇÃO;Integração - SEEU;Recebimento de avisos - 1º grau;Acessar a Pasta Digital do TJ do cadastro importado (lembrando que deve abrir a Pasta Digital do TJ para MNI);;FABRICIO;ITEM DESABILITADO;;;NÃO FOI POSSÍVEL TESTAR A INTEGRAÇÃO;
1536;INTEGRAÇÃO;Integração - SEEU;Recebimento de avisos - 1º grau;Verificar encerramento da pendência de intimação e lançamento da pendência de manifestação;;FABRICIO;ITEM DESABILITADO;;;NÃO FOI POSSÍVEL TESTAR A INTEGRAÇÃO;
1537;INTEGRAÇÃO;Integração - SEEU;Peticionamento - SEEU - 1º grau;Efetuar Petição Intermediária;;FABRICIO;ITEM DESABILITADO;;;NÃO FOI POSSÍVEL TESTAR A INTEGRAÇÃO;
1538;INTEGRAÇÃO;Integração - SEEU;Peticionamento - SEEU - 1º grau;Efetuar Petição em Lote atrvés do Pelo Gerenciador de Arquivos;;FABRICIO;ITEM DESABILITADO;;;NÃO FOI POSSÍVEL TESTAR A INTEGRAÇÃO;
1539;INTEGRAÇÃO;Integração - SEEU;Peticionamento - SEEU - 1º grau;Efetuar Petição pelo Editor de Textos atrvés da opção de Finalizar, Assinar e Peticionar;;FABRICIO;ITEM DESABILITADO;;;NÃO FOI POSSÍVEL TESTAR A INTEGRAÇÃO;
1540;INTEGRAÇÃO;Integração - SEEU;Peticionamento - SEEU - 1º grau;Efetuar sinalização de Redistribuir na próxima intimação (Atividade no Fluxo de Trabalho) - Marcar Redistribuir na próxima intimação (verificar colocação da tarja no cadastro e mudança na atividade) ;;FABRICIO;ITEM DESABILITADO;;;NÃO FOI POSSÍVEL TESTAR A INTEGRAÇÃO;
1541;INTEGRAÇÃO;Integração - SEEU;Peticionamento - SEEU - 1º grau;Efetuar sinalização de Cancelamento da Redistribuir na próxima intimação (Atividade no Fluxo de Trabalho) - Marcar Cancelar Redistribuição na próxima intimação (verificar retirada da tarja no cadastro e mudança na atividade) ;;FABRICIO;ITEM DESABILITADO;;;NÃO FOI POSSÍVEL TESTAR A INTEGRAÇÃO;
1542;INTEGRAÇÃO;Integração - SEEU;Peticionamento - SEEU - 1º grau;Verificar se ao peticionar finalizou apenas UMA pendência de Manifestação;;FABRICIO;ITEM DESABILITADO;;;NÃO FOI POSSÍVEL TESTAR A INTEGRAÇÃO;
1543;INTEGRAÇÃO;Integração - SEEU;Peticionamento - SEEU - 1º grau;Verificar se ao peticionar finalizou apenas DUAS ou TODAS as pendência de Manifestação;;FABRICIO;ITEM DESABILITADO;;;NÃO FOI POSSÍVEL TESTAR A INTEGRAÇÃO;
1544;INTEGRAÇÃO;Integração - SEEU;Peticionamento - SEEU - 1º grau;Para integração com SEEU não deve permitir o peticionamento com mídias;;FABRICIO;ITEM DESABILITADO;;;NÃO FOI POSSÍVEL TESTAR A INTEGRAÇÃO;
1545;INTEGRAÇÃO;Integração - TSE;Recebimento de avisos - 1º grau;Efetuar recebimento de Aviso pela tela de Status da Importação;;FABRICIO;ITEM DESABILITADO;;;NÃO FOI POSSÍVEL TESTAR A INTEGRAÇÃO;
1546;INTEGRAÇÃO;Integração - TSE;Recebimento de avisos - 1º grau;Efetuar recebimento manual de Aviso pela tela de Status da Importação;;FABRICIO;ITEM DESABILITADO;;;NÃO FOI POSSÍVEL TESTAR A INTEGRAÇÃO;
1547;INTEGRAÇÃO;Integração - TSE;Recebimento de avisos - 1º grau;Efetuar recebimento de Aviso pelo Fluxo de Trabalho (Receber intimação);;FABRICIO;ITEM DESABILITADO;;;NÃO FOI POSSÍVEL TESTAR A INTEGRAÇÃO;
1548;INTEGRAÇÃO;Integração - TSE;Recebimento de avisos - 1º grau;Efetuar recebimento de Aviso pelo Fluxo de Trabalho (Pela atividade de Ciência) deve receber a intimação e peticionar;;FABRICIO;ITEM DESABILITADO;;;NÃO FOI POSSÍVEL TESTAR A INTEGRAÇÃO;
1549;INTEGRAÇÃO;Integração - TSE;Recebimento de avisos - 1º grau;Efetuar recebimento de Aviso atrvés do peticionamento de processo com aviso pendente de recebimento;;FABRICIO;ITEM DESABILITADO;;;NÃO FOI POSSÍVEL TESTAR A INTEGRAÇÃO;
1550;INTEGRAÇÃO;Integração - TSE;Recebimento de avisos - 1º grau;Efetuar recebimento de Aviso atrvés do peticionamento em lote de processos com aviso pendente de recebimento;;FABRICIO;ITEM DESABILITADO;;;NÃO FOI POSSÍVEL TESTAR A INTEGRAÇÃO;
1551;INTEGRAÇÃO;Integração - TSE;Recebimento de avisos - 1º grau;Acessar a Pasta Digital do TJ do cadastro importado (lembrando que deve abrir a Pasta Digital do TJ para MNI);;FABRICIO;ITEM DESABILITADO;;;NÃO FOI POSSÍVEL TESTAR A INTEGRAÇÃO;
1552;INTEGRAÇÃO;Integração - TSE;Recebimento de avisos - 1º grau;Verificar encerramento da pendência de intimação e lançamento da pendência de manifestação;;FABRICIO;ITEM DESABILITADO;;;NÃO FOI POSSÍVEL TESTAR A INTEGRAÇÃO;
1553;INTEGRAÇÃO;Integração - TSE;Peticionamento - TSE - 1º grau;Efetuar Petição Inicial;;FABRICIO;ITEM DESABILITADO;;;NÃO FOI POSSÍVEL TESTAR A INTEGRAÇÃO;
1554;INTEGRAÇÃO;Integração - TSE;Peticionamento - TSE - 1º grau;Efetuar Petição Intermediária;;FABRICIO;ITEM DESABILITADO;;;NÃO FOI POSSÍVEL TESTAR A INTEGRAÇÃO;
1555;INTEGRAÇÃO;Integração - TSE;Peticionamento - TSE - 1º grau;Efetuar Petição em Lote atrvés do Pelo Gerenciador de Arquivos;;FABRICIO;ITEM DESABILITADO;;;NÃO FOI POSSÍVEL TESTAR A INTEGRAÇÃO;
1556;INTEGRAÇÃO;Integração - TSE;Peticionamento - TSE - 1º grau;Efetuar Petição pelo Editor de Textos atrvés da opção de Finalizar, Assinar e Peticionar;;FABRICIO;ITEM DESABILITADO;;;NÃO FOI POSSÍVEL TESTAR A INTEGRAÇÃO;
1557;INTEGRAÇÃO;Integração - TSE;Peticionamento - TSE - 1º grau;Efetuar sinalização de Redistribuir na próxima intimação (Atividade no Fluxo de Trabalho) - Marcar Redistribuir na próxima intimação (verificar colocação da tarja no cadastro e mudança na atividade) ;;FABRICIO;ITEM DESABILITADO;;;NÃO FOI POSSÍVEL TESTAR A INTEGRAÇÃO;
1558;INTEGRAÇÃO;Integração - TSE;Peticionamento - TSE - 1º grau;Efetuar sinalização de Cancelamento da Redistribuir na próxima intimação (Atividade no Fluxo de Trabalho) - Marcar Cancelar Redistribuição na próxima intimação (verificar retirada da tarja no cadastro e mudança na atividade) ;;FABRICIO;ITEM DESABILITADO;;;NÃO FOI POSSÍVEL TESTAR A INTEGRAÇÃO;
1559;INTEGRAÇÃO;Integração - TSE;Peticionamento - TSE - 1º grau;Verificar se ao peticionar finalizou apenas UMA pendência de Manifestação;;FABRICIO;ITEM DESABILITADO;;;NÃO FOI POSSÍVEL TESTAR A INTEGRAÇÃO;
1560;INTEGRAÇÃO;Integração - TSE;Peticionamento - TSE - 1º grau;Verificar se ao peticionar finalizou apenas DUAS ou TODAS as pendência de Manifestação;;FABRICIO;ITEM DESABILITADO;;;NÃO FOI POSSÍVEL TESTAR A INTEGRAÇÃO;
1561;INTEGRAÇÃO;Integração - PJE;Recebimento de avisos - 1º grau;Efetuar recebimento de Aviso pela tela de Status da Importação;;;;;;;
1562;INTEGRAÇÃO;Integração - PJE;Recebimento de avisos - 1º grau;Efetuar recebimento manual de Aviso pela tela de Status da Importação;;;;;;;
1563;INTEGRAÇÃO;Integração - PJE;Recebimento de avisos - 1º grau;Efetuar recebimento de Aviso pelo Fluxo de Trabalho (Receber intimação);;;;;;;
1564;INTEGRAÇÃO;Integração - PJE;Recebimento de avisos - 1º grau;Efetuar recebimento de Aviso pelo Fluxo de Trabalho (Pela atividade de Ciência) somente receber a intimação e NÃO deve peticionar;;;;;;;
1565;INTEGRAÇÃO;Integração - PJE;Recebimento de avisos - 1º grau;Efetuar recebimento de Aviso atrvés do peticionamento de processo com aviso pendente de recebimento;;;;;;;
1566;INTEGRAÇÃO;Integração - PJE;Recebimento de avisos - 1º grau;Efetuar recebimento de Aviso atrvés do peticionamento em lote de processos com aviso pendente de recebimento;;;;;;;
1567;INTEGRAÇÃO;Integração - PJE;Recebimento de avisos - 1º grau;Acessar a Pasta Digital do TJ do cadastro importado (lembrando que deve abrir a Pasta Digital do TJ para MNI);;;;;;;
1568;INTEGRAÇÃO;Integração - PJE;Recebimento de avisos - 1º grau;Verificar encerramento da pendência de intimação e lançamento da pendência de manifestação;;;;;;;
1569;INTEGRAÇÃO;Integração - PJE;Recebimento de avisos - 2º grau;Efetuar recebimento de Aviso pela tela de Status da Importação;;;;;;;
1570;INTEGRAÇÃO;Integração - PJE;Recebimento de avisos - 2º grau;Efetuar recebimento manual de Aviso pela tela de Status da Importação;;;;;;;
1571;INTEGRAÇÃO;Integração - PJE;Recebimento de avisos - 2º grau;Efetuar recebimento de Aviso pelo Fluxo de Trabalho (Receber intimação);;;;;;;
1572;INTEGRAÇÃO;Integração - PJE;Recebimento de avisos - 2º grau;Efetuar recebimento de Aviso pelo Fluxo de Trabalho (Pela atividade de Ciência) somente receber a intimação e NÃO deve peticionar;;;;;;;
1573;INTEGRAÇÃO;Integração - PJE;Recebimento de avisos - 2º grau;Efetuar recebimento de Aviso atrvés do peticionamento de processo com aviso pendente de recebimento;;;;;;;
1574;INTEGRAÇÃO;Integração - PJE;Recebimento de avisos - 2º grau;Efetuar recebimento de Aviso atrvés do peticionamento em lote de processos com aviso pendente de recebimento;;;;;;;
1575;INTEGRAÇÃO;Integração - PJE;Recebimento de avisos - 2º grau;Acessar a Pasta Digital do TJ do cadastro importado (lembrando que deve abrir a Pasta Digital do TJ para MNI);;;;;;;
1576;INTEGRAÇÃO;Integração - PJE;Recebimento de avisos - 2º grau;Verificar encerramento da pendência de intimação e lançamento da pendência de manifestação;;;;;;;
1577;INTEGRAÇÃO;Integração - PJE;Peticionamento - PJE - 1º grau;Efetuar Petição Inicial;;;;;;;
1578;INTEGRAÇÃO;Integração - PJE;Peticionamento - PJE - 1º grau;Efetuar Petição Intermediária;;;;;;;
1579;INTEGRAÇÃO;Integração - PJE;Peticionamento - PJE - 1º grau;Efetuar Petição em Lote atrvés do Pelo Gerenciador de Arquivos;;;;;;;
1580;INTEGRAÇÃO;Integração - PJE;Peticionamento - PJE - 1º grau;Efetuar Petição pelo Editor de Textos atrvés da opção de Finalizar, Assinar e Peticionar;;;;;;;
1581;INTEGRAÇÃO;Integração - PJE;Peticionamento - PJE - 1º grau;Efetuar sinalização de Redistribuir na próxima intimação (Atividade no Fluxo de Trabalho) - Marcar Redistribuir na próxima intimação (verificar colocação da tarja no cadastro e mudança na atividade) ;;;;;;;
1582;INTEGRAÇÃO;Integração - PJE;Peticionamento - PJE - 1º grau;Efetuar sinalização de Cancelamento da Redistribuir na próxima intimação (Atividade no Fluxo de Trabalho) - Marcar Cancelar Redistribuição na próxima intimação (verificar retirada da tarja no cadastro e mudança na atividade) ;;;;;;;
1583;INTEGRAÇÃO;Integração - PJE;Peticionamento - PJE - 1º grau;Verificar se ao peticionar finalizou apenas UMA pendência de Manifestação;;;;;;;
1584;INTEGRAÇÃO;Integração - PJE;Peticionamento - PJE - 1º grau;Verificar se ao peticionar finalizou apenas DUAS ou TODAS as pendência de Manifestação;;;;;;;
1585;INTEGRAÇÃO;Integração - PJE;Peticionamento - PJE - 1º grau;Para integração com PJE não deve permitir o peticionamento com mídias;;;;;;;
1586;INTEGRAÇÃO;Integração - PJE;Peticionamento - PJE - 2º grau;Efetuar Petição Inicial;;;;;;;
1587;INTEGRAÇÃO;Integração - PJE;Peticionamento - PJE - 2º grau;Efetuar Petição Intermediária;;;;;;;
1588;INTEGRAÇÃO;Integração - PJE;Peticionamento - PJE - 2º grau;Efetuar Petição em Lote atrvés do Pelo Gerenciador de Arquivos;;;;;;;
1589;INTEGRAÇÃO;Integração - PJE;Peticionamento - PJE - 2º grau;Efetuar Petição pelo Editor de Textos atrvés da opção de Finalizar, Assinar e Peticionar;;;;;;;
1590;INTEGRAÇÃO;Integração - PJE;Peticionamento - PJE - 2º grau;Efetuar sinalização de Redistribuir na próxima intimação (Atividade no Fluxo de Trabalho) - Marcar Redistribuir na próxima intimação (verificar colocação da tarja no cadastro e mudança na atividade) ;;;;;;;
1591;INTEGRAÇÃO;Integração - PJE;Peticionamento - PJE - 2º grau;Efetuar sinalização de Cancelamento da Redistribuir na próxima intimação (Atividade no Fluxo de Trabalho) - Marcar Cancelar Redistribuição na próxima intimação (verificar retirada da tarja no cadastro e mudança na atividade) ;;;;;;;
1592;INTEGRAÇÃO;Integração - PJE;Peticionamento - PJE - 2º grau;Verificar se ao peticionar finalizou apenas UMA pendência de Manifestação;;;;;;;
1593;INTEGRAÇÃO;Integração - PJE;Peticionamento - PJE - 2º grau;Verificar se ao peticionar finalizou apenas DUAS ou TODAS as pendência de Manifestação;;;;;;;
1594;INTEGRAÇÃO;Integração - PJE;Peticionamento - PJE - 2º grau;Para integração com PJE não deve permitir o peticionamento com mídias;;;;;;;
1595;SAJMP;DASHBOARD;Tela de bem-vindo ao novo dashboard;Acesso Rápido (Testar com Nº MP e Nº Judiciário);;;;;;;
1596;SAJMP;DASHBOARD;Tela de bem-vindo ao novo dashboard;Testar acessos as telas em Links do Painel Push;;;;;;;
1597;SAJMP;DASHBOARD;Tela de bem-vindo ao novo dashboard;Testar acessos as telas em Links Links e dicas;;;;;;;
1598;SAJMP;DASHBOARD;Tela de bem-vindo ao novo dashboard;Verificar exibição das integrações em Status da Integração;;FABRICIO;FUNCIONA;;;;
1599;SAJMP;DASHBOARD;Tela de bem-vindo ao novo dashboard;Testar acessos as telas Links Processo Judiciais;;;;;;;
1600;SAJMP;DASHBOARD;Tela de bem-vindo ao novo dashboard;Testar acessos as telas Links Cadastros Extrajudiciais;;;;;;;
1601;SAJMP;DASHBOARD;Tela de bem-vindo ao novo dashboard;Testar acessos as telas Links Outros Cadastros;;;;;;;
1602;SAJMP;DASHBOARD;Tela de bem-vindo ao novo dashboard;Abrir o Fluxo de Trabalho e ao fechar a tela os dados do dashboard permanece exibindo;;;;;;;
1603;SAJMP;DASHBOARD;Tela de bem-vindo ao novo dashboard;Abrir o Editor e ao fechar a tela os dados do dashboard permanece exibindo;;;;;;;
1604;SAJMP;DASHBOARD;Tela de bem-vindo ao novo dashboard;Testar acessos as telas através de clique no Gráfico;;;;;;;
1605;SAJMP;Painel de Notificações - PUSH;Acessar link de Judicial Importante ;Verificar se o número de movimentações mostrados no final da tela corresponde as apresentadas;;;;;;;
1606;SAJMP;Painel de Notificações - PUSH;Acessar link de Judicial Importante ;Utilizar o botão de Abrir Pasta Digital do TJ em um dos cadastros listados;;;;;;;
1607;SAJMP;Painel de Notificações - PUSH;Acessar link de Judicial Importante ;Utilizar o botão de Visualizar Documento em um dos cadastros listados;;;;;;;
1608;SAJMP;Painel de Notificações - PUSH;Acessar link de Judicial;Verificar se o número de movimentações mostrados no final da tela corresponde as apresentadas;;;;;;;
1609;SAJMP;Painel de Notificações - PUSH;Acessar link de Judicial;Utilizar o botão de Abrir Pasta Digital do TJ em um dos cadastros listados;;;;;;;
1610;SAJMP;Painel de Notificações - PUSH;Acessar link de Judicial;Utilizar o botão de Visualizar Documento em um dos cadastros listados;;;;;;;
1611;SAJMP;Painel de Notificações - PUSH;Acessar link de Extrajudicial Importante;Verificar se o número de movimentações mostrados no final da tela corresponde as apresentadas;;;;;;;
1612;SAJMP;Painel de Notificações - PUSH;Acessar link de Extrajudicial Importante;Utilizar o botão de Abrir Pasta Digital do TJ em um dos cadastros listados (não deve exibir opção);;;;;;;
1613;SAJMP;Painel de Notificações - PUSH;Acessar link de Extrajudicial Importante;Utilizar o botão de Visualizar Documento em um dos cadastros listados;;;;;;;
1614;SAJMP;Painel de Notificações - PUSH;Acessar link de Extrajudicial;Verificar se o número de movimentações mostrados no final da tela corresponde as apresentadas;;;;;;;
1615;SAJMP;Painel de Notificações - PUSH;Acessar link de Extrajudicial;Utilizar o botão de Abrir Pasta Digital do TJ em um dos cadastros listados (não deve exibir opção);;;;;;;
1616;SAJMP;Painel de Notificações - PUSH;Acessar link de Extrajudicial;Utilizar o botão de Visualizar Documento em um dos cadastros listados;;;;;;;
1617;SAJMP;SIRENEJUD;Coordenadas em Cadastros Judiciais;Realizar o cadastro das coordenadas geográficas no cadastro de Processos de 1º grau;;FABRICIO;ITEM DESABILITADO;;;;
1618;SAJMP;SIRENEJUD;Coordenadas em Cadastros Judiciais;Realizar o cadastro das coordenadas geográficas no cadastro de Processos de 2º grau;;FABRICIO;ITEM DESABILITADO;;;;
1619;SAJMP;SIRENEJUD;Coordenadas em Cadastros Judiciais;Efetuar cópia de cadastro de 1º grau que possua dados de coordenadas geográficas (dados de coordenadas relacionados ao cadastro de origem também são copiados);;FABRICIO;ITEM DESABILITADO;;;;
1620;SAJMP;SIRENEJUD;Coordenadas em Cadastros Judiciais;Efetuar evolução de cadastro de 1º grau que possua dados de coordenadas geográficas (dados de coordenadas relacionados ao cadastro de origem também são copiados);;FABRICIO;ITEM DESABILITADO;;;;
1621;SAJMP;SIRENEJUD;Coordenadas em Cadastros Judiciais;Efetuar cópia de cadastro de 2º grau que possua dados de coordenadas geográficas (dados de coordenadas relacionados ao cadastro de origem também são copiados);;FABRICIO;ITEM DESABILITADO;;;;
1622;SAJMP;SIRENEJUD;Coordenadas em Cadastros Judiciais;Efetuar evolução de cadastro de2º grau que possua dados de coordenadas geográficas (dados de coordenadas relacionados ao cadastro de origem também são copiados);;FABRICIO;ITEM DESABILITADO;;;;
1623;SAJMP;SIRENEJUD;Coordenadas em Cadastros Extrajudiciais;Realizar o cadastro das coordenadas geográficas no cadastro de Notícia de fato;;FABRICIO;ITEM DESABILITADO;;;;
1624;SAJMP;SIRENEJUD;Coordenadas em Cadastros Extrajudiciais;Efetuar cópia de cadastro de Notícia de Fato que possua dados de coordenadas geográficas (dados de coordenadas relacionados ao cadastro de origem também são copiados);;FABRICIO;ITEM DESABILITADO;;;;
1625;SAJMP;SIRENEJUD;Coordenadas em Cadastros Extrajudiciais;Efetuar evolução de cadastro de Notícia de Fato que possua dados de coordenadas geográficas (dados de coordenadas relacionados ao cadastro de origem também são copiados);;FABRICIO;ITEM DESABILITADO;;;;
1626;SAJMP;SIRENEJUD;Coordenadas em Cadastros Extrajudiciais;Realizar o cadastro das coordenadas geográficas no cadastro de Procedimentos (PP, PIC e IC);;FABRICIO;ITEM DESABILITADO;;;;
1627;SAJMP;SIRENEJUD;Coordenadas em Cadastros Extrajudiciais;Efetuar cópia de cadastro de Procedimentos (PP, PIC e IC) que possua dados de coordenadas geográficas (dados de coordenadas relacionados ao cadastro de origem também são copiados);;FABRICIO;ITEM DESABILITADO;;;;
1628;SAJMP;SIRENEJUD;Coordenadas em Cadastros Extrajudiciais;Efetuar evolução de cadastro de Procedimentos (PP, PIC e IC) que possua dados de coordenadas geográficas (dados de coordenadas relacionados ao cadastro de origem também são copiados);;FABRICIO;ITEM DESABILITADO;;;;
1629;SAJMP;SIRENEJUD;Coordenadas em Cadastros Extrajudiciais;Realizar o cadastro das coordenadas geográficas no cadastro de Procedimentos Administrativos;;FABRICIO;ITEM DESABILITADO;;;;
1630;SAJMP;SIRENEJUD;Coordenadas em Cadastros Extrajudiciais;Efetuar cópia de cadastro de Procedimento Administrativo que possua dados de coordenadas geográficas (dados de coordenadas relacionados ao cadastro de origem também são copiados);;FABRICIO;ITEM DESABILITADO;;;;
1631;SAJMP;SIRENEJUD;Coordenadas em Cadastros Extrajudiciais;Efetuar evolução de cadastro de Procedimento Administrativo que possua dados de coordenadas geográficas (dados de coordenadas relacionados ao cadastro de origem também são copiados);;FABRICIO;ITEM DESABILITADO;;;;
1632;SAJMP;SIRENEJUD;Visualizar dados de Coordenadas em Cadastros Extrajudiciais ou Judiciais ;Visualizar as coordenadas no resultado da Consulta Básica de Cadastros;;FABRICIO;ITEM DESABILITADO;;;;
1633;SAJMP;SIRENEJUD;Visualizar dados de Coordenadas em Cadastros Extrajudiciais ou Judiciais ;Visualizar as coordenadas no resultado da Consulta Avançada de Cadastros;;FABRICIO;ITEM DESABILITADO;;;;
1634;SAJMP;SIRENEJUD;Visualizar dados de Coordenadas em Cadastros Extrajudiciais ou Judiciais ;Visualizar as coordenadas no resultado da Consulta Aberta de Cadastros;;FABRICIO;ITEM DESABILITADO;;;;
1635;SAJMP;SIRENEJUD;Visualizar dados de Coordenadas em Cadastros Extrajudiciais ou Judiciais ;Visualizar as coordenadas no resultado da Consulta Avançada de Atividades;;FABRICIO;ITEM DESABILITADO;;;;
1636;SAJMP;SIRENEJUD;Exportar dados de KML das coordenadas;Efetuar a exportação de dados de Cadastros Judiciais;;FABRICIO;ITEM DESABILITADO;;;;
1637;SAJMP;SIRENEJUD;Exportar dados de KML das coordenadas;Efetuar a exportação de dados de Cadastros Extrajudiciais (PA, NF, PP, PIC ou IC);;FABRICIO;ITEM DESABILITADO;;;;
1638;SAJMP;SIRENEJUD;Importar dados de KML das coordenadas;Efetuar a importação de dados de Cadastros Judiciais;;FABRICIO;ITEM DESABILITADO;;;;
1639;SAJMP;SIRENEJUD;Importar dados de KML das coordenadas;Efetuar a importação de dados de Cadastros Extrajudiciais (PA, NF, PP, PIC ou IC);;FABRICIO;ITEM DESABILITADO;;;;
1640;SAJMP;Editor Simplificado ;Gerenciador de arquivos;Selecionar documento não finalizado e editável, efetuar alteração via editor simplificado e salvar;"Usuário Habilitado -  Exibe a opção como ""Visualizar/Editar documento""";FABRICIO;ITEM DESABILITADO;;;;
1641;SAJMP;Editor Simplificado ;Gerenciador de arquivos;Selecionar documento não finalizado e não editável, efetuar alteração via editor simplificado e salvar (não deve permitir alterar e exibe informação na coluna Detalhes);;FABRICIO;ITEM DESABILITADO;;;;
1642;SAJMP;Editor Simplificado ;Gerenciador de arquivos;Selecionar documento finalizado, efetuar alteração via editor simplificado e salvar (não deve permitir alterar e exibe informação na coluna Detalhes);;FABRICIO;ITEM DESABILITADO;;;;
1643;SAJMP;Editor Simplificado ;Gerenciador de arquivos;Selecionar documento não finalizado e editável, acionar o botão de  Finalizar Documento e optar por Finalizar;;FABRICIO;ITEM DESABILITADO;;;;
1644;SAJMP;Editor Simplificado ;Gerenciador de arquivos;Selecionar documento não finalizado e editável, acionar o botão de  Finalizar Documento e optar por Finalizar e Assinar;;FABRICIO;ITEM DESABILITADO;;;;
1645;SAJMP;Editor Simplificado ;Gerenciador de arquivos;Selecionar documento não finalizado e editável, acionar o botão de  Finalizar Documento e optar por Finalizar e Não liberar nos autos;;FABRICIO;ITEM DESABILITADO;;;;
1646;SAJMP;Editor Simplificado ;Gerenciador de arquivos;Selecionar documento de um processo não finalizado e editável, acionar o botão de  Finalizar Documento e optar por Finalizar, Assinar e Peticionar;;FABRICIO;ITEM DESABILITADO;;;;
1647;SAJMP;Editor Simplificado ;Gerenciador de arquivos;Selecionar documento não finalizado e editável, acionar o botão de  Finalizar fechar a tela de Finalização de Documento e repetir a operação;;FABRICIO;ITEM DESABILITADO;;;;
1648;SAJMP;Editor Simplificado ;Gerenciador de arquivos;Selecionar documento não finalizado e tentar efetuar alguma alteração (não deve permitir alterar o documento);"Usuário Desabilitado - Exibe a opção como ""Visualizar documento""";FABRICIO;ITEM DESABILITADO;;;;
1649;SAJMP;Editor Simplificado ;Gerenciador de arquivos;Selecionar documento finalizado e tentar efetuar alguma alteração (não deve permitir alterar o documento);;FABRICIO;ITEM DESABILITADO;;;;
1650;SAJMP;Editor Simplificado ;Fluxo de trabalho;Selecionar documento não finalizado e editável, efetuar alteração via editor simplificado e salvar;"Usuário Habilitado -  Exibe a opção como ""Visualizar/Editar documento""";FABRICIO;ITEM DESABILITADO;;;;
1651;SAJMP;Editor Simplificado ;Fluxo de trabalho;Selecionar documento não finalizado e não editável, efetuar alteração via editor simplificado e salvar (não deve permitir alterar e exibe informação na coluna Detalhes);;FABRICIO;ITEM DESABILITADO;;;;
1652;SAJMP;Editor Simplificado ;Fluxo de trabalho;Selecionar documento finalizado, efetuar alteração via editor simplificado e salvar (não deve permitir alterar e exibe informação na coluna Detalhes);;FABRICIO;ITEM DESABILITADO;;;;
1653;SAJMP;Editor Simplificado ;Fluxo de trabalho;Selecionar documento não finalizado e editável, acionar o botão de  Finalizar Documento e optar por Finalizar;;FABRICIO;ITEM DESABILITADO;;;;
1654;SAJMP;Editor Simplificado ;Fluxo de trabalho;Selecionar documento não finalizado e editável, acionar o botão de  Finalizar Documento e optar por Finalizar e Assinar;;FABRICIO;ITEM DESABILITADO;;;;
1655;SAJMP;Editor Simplificado ;Fluxo de trabalho;Selecionar documento não finalizado e editável, acionar o botão de  Finalizar Documento e optar por Finalizar e Não liberar nos autos;;FABRICIO;ITEM DESABILITADO;;;;
1656;SAJMP;Editor Simplificado ;Fluxo de trabalho;Selecionar documento de um processo não finalizado e editável, acionar o botão de  Finalizar Documento e optar por Finalizar, Assinar e Peticionar;;FABRICIO;ITEM DESABILITADO;;;;
1657;SAJMP;Editor Simplificado ;Fluxo de trabalho;Selecionar documento não finalizado e editável, acionar o botão de  Finalizar fechar a tela de Finalização de Documento e repetir a operação;;FABRICIO;ITEM DESABILITADO;;;;
1658;SAJMP;Editor Simplificado ;Fluxo de trabalho;Selecionar documento não finalizado e tentar efetuar alguma alteração (não deve permitir alterar o documento);"Usuário Desabilitado - Exibe a opção como ""Visualizar documento""";FABRICIO;ITEM DESABILITADO;;;;
1659;SAJMP;Editor Simplificado ;Fluxo de trabalho;Selecionar documento finalizado e tentar efetuar alguma alteração (não deve permitir alterar o documento);;FABRICIO;ITEM DESABILITADO;;;;
1660;SAJMP;Editor Simplificado ;Banco de Pareceres;Selecionar documento finalizado (e não liberado nos autos) e editável, efetuar alteração via editor simplificado e salvar;"Usuário Habilitado -  Exibe a opção como ""Visualizar/Editar documento""";FABRICIO;ITEM DESABILITADO;;;;
1661;SAJMP;Editor Simplificado ;Banco de Pareceres;Selecionar documento não finalizado e não editável, efetuar alteração via editor simplificado e salvar (não deve permitir alterar e exibe informação na coluna Detalhes);;FABRICIO;ITEM DESABILITADO;;;;
1662;SAJMP;Editor Simplificado ;Banco de Pareceres;Selecionar documento finalizado, efetuar alteração via editor simplificado e salvar (não deve permitir alterar e exibe informação na coluna Detalhes);;FABRICIO;ITEM DESABILITADO;;;;
1663;SAJMP;Editor Simplificado ;Banco de Pareceres;Selecionar documento finalizado (e não liberado nos autos) e editável, acionar o botão de  Finalizar Documento e optar por Finalizar;;FABRICIO;ITEM DESABILITADO;;;;
1664;SAJMP;Editor Simplificado ;Banco de Pareceres;Selecionar documento finalizado (e não liberado nos autos) e editável, acionar o botão de  Finalizar Documento e optar por Finalizar e Assinar;;FABRICIO;ITEM DESABILITADO;;;;
1665;SAJMP;Editor Simplificado ;Banco de Pareceres;Selecionar documento finalizado (e não liberado nos autos) e editável, acionar o botão de  Finalizar Documento e optar por Finalizar e Não liberar nos autos;;FABRICIO;ITEM DESABILITADO;;;;
1666;SAJMP;Editor Simplificado ;Banco de Pareceres;Selecionar documento de um processo finalizado (e não liberado nos autos) e editável, acionar o botão de  Finalizar Documento e optar por Finalizar, Assinar e Peticionar;;FABRICIO;ITEM DESABILITADO;;;;
1667;SAJMP;Editor Simplificado ;Banco de Pareceres;Selecionar documento não finalizado e editável, acionar o botão de  Finalizar fechar a tela de Finalização de Documento e repetir a operação;;FABRICIO;ITEM DESABILITADO;;;;
1668;SAJMP;Editor Simplificado ;Banco de Pareceres;Selecionar documento não finalizado e tentar efetuar alguma alteração (não deve permitir alterar o documento);"Usuário Desabilitado - Exibe a opção como ""Visualizar documento""";FABRICIO;ITEM DESABILITADO;;;;
1669;SAJMP;Editor Simplificado ;Banco de Pareceres;Selecionar documento finalizado e tentar efetuar alguma alteração (não deve permitir alterar o documento);;FABRICIO;ITEM DESABILITADO;;;;
1670;SAJMP;Editor Simplificado ;Editor - Modelos institucionais;Criar novo modelo com todos os dados Obrigatórios (Através do Menu Editor >> Cadastro de Modelos de Instituição);;FABRICIO;ITEM DESABILITADO;;;;
1671;SAJMP;Editor Simplificado ;Editor - Modelos institucionais;Criar modelo com dependentes (Através do Menu Editor >> Cadastro de Modelos de Instituição);;FABRICIO;ITEM DESABILITADO;;;;
1672;SAJMP;Editor Simplificado ;Editor - Modelos institucionais;Criar novo modelo e não informar movimentação (não permite e emite mensagem) (Através do Menu Editor >> Cadastro de Modelos de Instituição);;FABRICIO;ITEM DESABILITADO;;;;
1673;SAJMP;Editor Simplificado ;Editor - Modelos institucionais;Criar novo modelo com base em um modelo selecionado no Gerenciador de Arquivos;;FABRICIO;ITEM DESABILITADO;;;;
1674;SAJMP;Editor Simplificado ;Editor - Modelos  de grupo;Criar novo modelo com todos os dados Obrigatórios (Através do Menu Editor >> Cadastro de Modelos de Instituição);;FABRICIO;ITEM DESABILITADO;;;;
1675;SAJMP;Editor Simplificado ;Editor - Modelos  de grupo;Criar modelo com dependentes (Através do Menu Editor >> Cadastro de Modelos de Instituição);;FABRICIO;ITEM DESABILITADO;;;;
1676;SAJMP;Editor Simplificado ;Editor - Modelos  de grupo;Criar novo modelo e não informar movimentação (não permite e emite mensagem) (Através do Menu Editor >> Cadastro de Modelos de Instituição);;FABRICIO;ITEM DESABILITADO;;;;
1677;SAJMP;Editor Simplificado ;Editor - Modelos  de grupo;Criar novo modelo com base em um modelo selecionado no Gerenciador de Arquivos;;FABRICIO;ITEM DESABILITADO;;;;
1678;SAJMP;Editor Simplificado ;Editor - Modelos  de usuário;Criar novo modelo com todos os dados Obrigatórios (Através do Menu Editor >> Cadastro de Modelos de Instituição);;FABRICIO;ITEM DESABILITADO;;;;
1679;SAJMP;Editor Simplificado ;Editor - Modelos  de usuário;Criar modelo com dependentes (Através do Menu Editor >> Cadastro de Modelos de Instituição);;FABRICIO;ITEM DESABILITADO;;;;
1680;SAJMP;Editor Simplificado ;Editor - Modelos  de usuário;Criar novo modelo e não informar movimentação (não permite e emite mensagem) (Através do Menu Editor >> Cadastro de Modelos de Instituição);;FABRICIO;ITEM DESABILITADO;;;;
1681;SAJMP;Editor Simplificado ;Editor - Modelos  de usuário;Criar novo modelo com base em um modelo selecionado no Gerenciador de Arquivos;;FABRICIO;ITEM DESABILITADO;;;;
1682;SAJMP;Editor Simplificado ;Fluxo de trabalho;Efetuar Emissão de Documentos;;FABRICIO;ITEM DESABILITADO;;;;
1683;SAJMP;Editor Simplificado ;Fluxo de trabalho;Abrir Cadastro;;FABRICIO;ITEM DESABILITADO;;;;
1684;SAJMP;Editor Simplificado ;Fluxo de trabalho;Efetuar Agendamento de Compromisso;;FABRICIO;ITEM DESABILITADO;;;;
1685;SAJMP;Editor Simplificado ;Fluxo de trabalho;Efetuar Decisões ou Sentenças;;FABRICIO;ITEM DESABILITADO;;;;
1686;SAJMP;Editor Simplificado ;Fluxo de trabalho;Efetuar o lançamento de Movimentação;;FABRICIO;ITEM DESABILITADO;;;;
1687;SAJMP;Editor Simplificado ;Fluxo de trabalho;Efetuar a impressão de Documentos;;FABRICIO;ITEM DESABILITADO;;;;
1688;SAJMP;Editor Simplificado ;Fluxo de trabalho;Efetuar a Cópia de Documentos;;FABRICIO;ITEM DESABILITADO;;;;
1689;SAJMP;Editor Simplificado ;Fluxo de trabalho;Efetuar a Evolução de Cadastros;;FABRICIO;ITEM DESABILITADO;;;;
1690;SAJMP;Editor Simplificado ;Fluxo de trabalho - Menu de Contexto;Abrir Cadastro Judicial;;FABRICIO;ITEM DESABILITADO;;;;
1691;SAJMP;Editor Simplificado ;Fluxo de trabalho - Menu de Contexto;Abrir Cadastro Extrajudicial;;FABRICIO;ITEM DESABILITADO;;;;
1692;SAJMP;Editor Simplificado ;Fluxo de trabalho - Menu de Contexto;Mover para outra fila;;FABRICIO;ITEM DESABILITADO;;;;
1693;SAJMP;Editor Simplificado ;Fluxo de trabalho - Menu de Contexto;Copiar para outra fila;;FABRICIO;ITEM DESABILITADO;;;;
1694;SAJMP;Editor Simplificado ;Fluxo de trabalho - Menu de Contexto;Editar Observação;;FABRICIO;ITEM DESABILITADO;;;;
1695;SAJMP;Editor Simplificado ;Fluxo de trabalho - Menu de Contexto;Alocar ;;FABRICIO;ITEM DESABILITADO;;;;
1696;SAJMP;Editor Simplificado ;Fluxo de trabalho - Menu de Contexto;Alocar para outro usuário;;FABRICIO;ITEM DESABILITADO;;;;
1697;SAJMP;Editor Simplificado ;Fluxo de trabalho - Menu de Contexto;Liberar;;FABRICIO;ITEM DESABILITADO;;;;
1698;SAJMP;Editor Simplificado ;Fluxo de trabalho - Menu de Contexto;Excluir desta fila;;FABRICIO;ITEM DESABILITADO;;;;
1699;SAJMP;Editor Simplificado ;Fluxo de trabalho - Menu de Contexto;Consulta de Cadastro;;FABRICIO;ITEM DESABILITADO;;;;
1700;SAJMP;Editor Simplificado ;Fluxo de trabalho - Menu de Contexto;Impressão de Etiquetas;;FABRICIO;ITEM DESABILITADO;;;;
1701;SAJMP;Editor Simplificado ;Fluxo de trabalho - Menu de Contexto;Histórico do Cadastro no Fluxo;;FABRICIO;ITEM DESABILITADO;;;;
1702;SAJMP;Editor Simplificado ;Fluxo de trabalho - Menu de Contexto;Mostrar dependência do objeto;;FABRICIO;ITEM DESABILITADO;;;;
1703;SAJMP;Editor Simplificado ;Verificar exibição da quantidade apresentada;Conferir com a quantidade apresentada no final da tela;;FABRICIO;ITEM DESABILITADO;;;;
1704;SAJMP;Editor Simplificado ;Verificar exibição da quantidade apresentada;Conferir a quantidade exibida no subfluxo;;FABRICIO;ITEM DESABILITADO;;;;
1705;SAJMP;Editor Simplificado ;Verificar exibição da quantidade apresentada;Conferir a quantidade exibida nas filas;;FABRICIO;ITEM DESABILITADO;;;;
1706;SAJMP;Editor Simplificado ;Verificar exibição da quantidade apresentada;Mais de 100 (consulta próximos registros);;FABRICIO;ITEM DESABILITADO;;;;
1707;SAJMP;Editor Simplificado ;Outras opções;Navegar entre as Filas de Trabalho;;FABRICIO;ITEM DESABILITADO;;;;
1708;SAJMP;Editor Simplificado ;Outras opções;Testar botões e atalhos da tela;;FABRICIO;ITEM DESABILITADO;;;;
1709;SAJMP;Editor Simplificado ;Outras opções;Salvar Estilo de visualização;;FABRICIO;ITEM DESABILITADO;;;;
1710;SAJMP;Editor Simplificado ;Outras opções;Exportar dados da Tela;;FABRICIO;ITEM DESABILITADO;;;;
1711;SAJMP;Editor Simplificado ;Outras opções;Impressão dos dados da Tela;;FABRICIO;ITEM DESABILITADO;;;;
1712;SAJADM;Barra de acesso rápido por atalho;Usuários;Testar o atalho;;FABRICIO;FUNCIONA;;;;
1713;SAJADM;Barra de acesso rápido por atalho;Fluxo de trabalho;Testar o atalho;;FABRICIO;FUNCIONA;;;;
1714;SAJADM;Barra de acesso rápido por atalho;Distribuição 1º grau;Testar o atalho;;FABRICIO;FUNCIONA;;;;
1715;SAJADM;Barra de acesso rápido por atalho;Parâmetros;Testar o atalho;;FABRICIO;FUNCIONA;;;;
1716;SAJADM;Menu - Geral;Configuração da estação de trabalho;Testar bloqueio da estação de trabalho;;FABRICIO;FUNCIONA;;;;
1717;SAJADM;Menu - Geral;Identificação do usuário;Testar identificação do usuário;;FABRICIO;FUNCIONA;;;;
1718;SAJADM;Menu - Geral;Sair;Testar sair do sistema;;FABRICIO;;;;;
1719;SAJADM;Menu - Sistemas;Consulta;Abrir janela;;FABRICIO;;;;;
1720;SAJADM;Menu - Sistemas;Consulta de telas e operações;Abrir janela;;FABRICIO;;;;;
1721;SAJADM;Menu - Sistemas;Manutenção;Abrir janela;;FABRICIO;;;;;
1722;SAJADM;Menu - Perfil de usuários;Cadastro;Cadastrar perfil;;FABRICIO;;;;;
1723;SAJADM;Menu - Perfil de usuários;Cópia de perfil;Copiar perfil para outro;;FABRICIO;;;;;
1724;SAJADM;Menu - Usuários;Cadastro;Cadastrar usuário;;FABRICIO;;;;;
1725;SAJADM;Menu - Usuários;Consulta;Consultar usuários de uma determinada lotação;;FABRICIO;;;;;
1726;SAJADM;Menu - Usuários;Autorizações de operações;Testar consultas de autorização de operação e retirar e incluir operações através desta tela;;FABRICIO;;;;;
1727;SAJADM;Menu - Usuários;Vinculação às pastas;Vincular pasta através desta tela;;FABRICIO;;;;;
1728;SAJADM;Menu - Usuários;Cadastro de cargos;Cadastrar cargo;;FABRICIO;;;;;
1729;SAJADM;Menu - Usuários;Cadastros de funções;Cadastrar funções;;FABRICIO;;;;;
1730;SAJADM;Menu - Usuários;Cópia de dados de usuário;Copiar dados de um usuário para outro usuário;;FABRICIO;;;;;
1731;SAJADM;Menu - Usuários;Permissão de acesso a cadastros sigilosos;Testar o acesso a cadastros sigilosos por usuário e por lotação, bem como validar o prazo de validade;;FABRICIO;;;;;
1732;SAJADM;Menu - Auditoria;Consulta de configuração;Abrir janela;;FABRICIO;;;;;
1733;SAJADM;Menu - Auditoria;Consulta de auditoria;Realizar uma consulta de auditoria;;FABRICIO;;;;;
1734;SAJADM;Menu - Parâmetros;Consulta;Abrir janela;;FABRICIO;;;;;
1735;SAJADM;Menu - Parâmetros;Configuração;Abrir janela;;FABRICIO;;;;;
1736;SAJADM;Menu - Apoio - Tabelas;Área de atuação;Cadastrar área de atuação;;FABRICIO;;;;;
1737;SAJADM;Menu - Apoio - Tabelas;Assuntos;Cadastrar assunto;;FABRICIO;;;;;
1738;SAJADM;Menu - Apoio - Tabelas;Classificação;Cadastrar e deletar uma classificação;;FABRICIO;;;;;
1739;SAJADM;Menu - Apoio - Tabelas;Classes;Abrir janela;;FABRICIO;;;;;
1740;SAJADM;Menu - Apoio - Tabelas;Comarcas;Cadastro comarca;;FABRICIO;;;;;
1741;SAJADM;Menu - Apoio - Tabelas;Complementos da movimentação;Cadastrar um complemento da movimentação e vincular à uma movimentação;;FABRICIO;;;;;
1742;SAJADM;Menu - Apoio - Tabelas;Consulta de movimentações não vinculada ao tipo de vista;Abrir a tela de consulta não vinculada;;FABRICIO;;;;;
1743;SAJADM;Menu - Apoio - Tabelas;Cútis;Cadastrar e deletar registros na tela;;FABRICIO;;;;;
1744;SAJADM;Menu - Apoio - Tabelas;Delegacias;Cadastrar delegacia;;FABRICIO;;;;;
1745;SAJADM;Menu - Apoio - Tabelas;Dica do dia;Cadastro de dicas do dia;;FABRICIO;;;;;
1746;SAJADM;Menu - Apoio - Tabelas;Entrâncias / Comarcas;Abrir janela;;FABRICIO;;;;;
1747;SAJADM;Menu - Apoio - Tabelas;Especialidades;Cadastrar especialidades;;FABRICIO;;;;;
1748;SAJADM;Menu - Apoio - Tabelas;Evolução de partes;Vinculação de evolução de partes;;FABRICIO;;;;;
1749;SAJADM;Menu - Apoio - Tabelas;Feriados;Abrir janela;;FABRICIO;;;;;
1750;SAJADM;Menu - Apoio - Tabelas;Formas de tratamento;Cadastrar formas de tratamento e Inserir a forma de tratamento no cadastra do perfil do usuário;;FABRICIO;;;;;
1751;SAJADM;Menu - Apoio - Tabelas;Legislação;Cadastrar legislação;;FABRICIO;;;;;
1752;SAJADM;Menu - Apoio - Tabelas;Legislação e artigos;Cadastrar artigos para a legislação criada;;FABRICIO;;;;;
1753;SAJADM;Menu - Apoio - Tabelas;Links;Cadastrar links;;FABRICIO;;;;;
1754;SAJADM;Menu - Apoio - Tabelas;Locais físicos;Cadastrar locais físicos;;FABRICIO;;;;;
1755;SAJADM;Menu - Apoio - Tabelas;Locais de sessões do CSMP;Cadastrar local de sessão;;FABRICIO;;;;;
1756;SAJADM;Menu - Apoio - Tabelas;Matéria;Cadastrar matéria;;FABRICIO;;;;;
1757;SAJADM;Menu - Apoio - Tabelas;Mensagens do WebService;Abrir a janela;;FABRICIO;;;;;
1758;SAJADM;Menu - Apoio - Tabelas;Moedas;Cadastrar moedas;;FABRICIO;;;;;
1759;SAJADM;Menu - Apoio - Tabelas;Movimentação do Relatório Estatístico da Ouvidoria;Abrir janela;;FABRICIO;;;;;
1760;SAJADM;Menu - Apoio - Tabelas;Municípios;Cadastro de municípios;;FABRICIO;;;;;
1761;SAJADM;Menu - Apoio - Tabelas;Numeração de documentos;Configurar a numeração de documentos da categoria para uma lotação de testar a emissão;;FABRICIO;;;;;
1762;SAJADM;Menu - Apoio - Tabelas;Órgãos;Cadastrar lotações e se lotar;;FABRICIO;;;;;
1763;SAJADM;Menu - Apoio - Tabelas;Origens e destinos para tipos de processos;Configurar evoluções para tipos de processos e listar no SAJ;;FABRICIO;;;;;
1764;SAJADM;Menu - Apoio - Tabelas;Partes automáticas;Configurar partes automáticas para tipo de processos;;FABRICIO;;;;;
1765;SAJADM;Menu - Apoio - Tabelas;Prioridade do processo;Cadastrar prioridades do processo e vincular em um cadastro;;FABRICIO;;;;;
1766;SAJADM;Menu - Apoio - Tabelas;Programas;Cadastrar programas;;FABRICIO;;;;;
1767;SAJADM;Menu - Apoio - Tabelas;Situações do agente;Cadastrar situação do agente;;FABRICIO;;;;;
1768;SAJADM;Menu - Apoio - Tabelas;Situações do processo;Cadastrar situação;;FABRICIO;;;;;
1769;SAJADM;Menu - Apoio - Tabelas;Tarjas;Cadastrar tarjas;;FABRICIO;;;;;
1770;SAJADM;Menu - Apoio - Tabelas;URL das comarcas;Abrir janela;;FABRICIO;;;;;
1771;SAJADM;Menu - Apoio - Tabelas;Vagas;Abrir janela;;FABRICIO;;;;;
1772;SAJADM;Menu - Apoio - Tabelas unificadas;Estado civil;Cadastrar estado civil;;FABRICIO;;;;;
1773;SAJADM;Menu - Apoio - Tabelas unificadas;Graus de instrução;Cadastrar grau de instrução;;FABRICIO;;;;;
1774;SAJADM;Menu - Apoio - Tabelas unificadas;Nacionalidades;Cadastrar nacionalidades;;FABRICIO;;;;;
1775;SAJADM;Menu - Apoio - Tabelas unificadas;Tipos de documento de parte;Cadastrar tipo de documento;;FABRICIO;;;;;
1776;SAJADM;Menu - Apoio - Tabelas unificadas;Profissões;Cadastrar profissões e vincular grau de instrução;;FABRICIO;;;;;
1777;SAJADM;Menu - Apoio - Tabelas unificadas;Ramos de atividades;Cadastrar ramos de atividades;;FABRICIO;;;;;
1778;SAJADM;Menu - Apoio - Tabelas unificadas;Regimes de casamento;Cadastrar regimes de casamento;;FABRICIO;;;;;
1779;SAJADM;Menu - Apoio - Tipos;Agentes;Abrir janela;;FABRICIO;;;;;
1780;SAJADM;Menu - Apoio - Tipos;Atividades não procedimentais;Cadastrar atividade não procedimental;;FABRICIO;;;;;
1781;SAJADM;Menu - Apoio - Tipos;Avaliações;Cadastrar availação;;FABRICIO;;;;;
1782;SAJADM;Menu - Apoio - Tipos;Cadastros;Abrir janela;;FABRICIO;;;;;
1783;SAJADM;Menu - Apoio - Tipos;Conceitos;Cadastrar conceito;;FABRICIO;;;;;
1784;SAJADM;Menu - Apoio - Tipos;Critérios do CSMP;Cadastrar critério e vincular;;FABRICIO;;;;;
1785;SAJADM;Menu - Apoio - Tipos;Documentos digitais;Cadastrar tipo de documento digital;;FABRICIO;;;;;
1786;SAJADM;Menu - Apoio - Tipos;Falhas funcionais;;;FABRICIO;;;;;
1787;SAJADM;Menu - Apoio - Tipos;Lista da pauta do CSMP;Cadastrar pauta;;FABRICIO;;;;;
1788;SAJADM;Menu - Apoio - Tipos;Movimentações;Cadastrar movimentação, inserir flags e testá-las de acordo com a situação;;FABRICIO;;;;;
1789;SAJADM;Menu - Apoio - Tipos;Órgãos;Cadastrar órgão;;FABRICIO;;;;;
1790;SAJADM;Menu - Apoio - Tipos;Participações;Cadastrar participação;;FABRICIO;;;;;
1791;SAJADM;Menu - Apoio - Tipos;Pauta;Cadastrar pauta;;FABRICIO;;;;;
1792;SAJADM;Menu - Apoio - Tipos;Procedimentos administrativos;Inserir um novo tipo de procedimento administrativo;;FABRICIO;;;;;
1793;SAJADM;Menu - Apoio - Tipos;Processos/Procedimentos extra-judiciais;Inserir um novo tipo de cadastro extrajudicial;;FABRICIO;;;;;
1794;SAJADM;Menu - Apoio - Tipos;Situações do procurador;Inserir um novo tipo de situação;;FABRICIO;;;;;
1795;SAJADM;Menu - Apoio - Tipos;Telefones;Inserir um novo tipo de telefone;;FABRICIO;;;;;
1796;SAJADM;Menu - Apoio - Tipos;Vínculos entre pessoas;Inserir um tipo de vínculo;;FABRICIO;;;;;
1797;SAJADM;Menu - Apoio - Maria da Penha;Ambiente de agressão;Inserir um tipo de ambiente;;FABRICIO;;;;;
1798;SAJADM;Menu - Apoio - Maria da Penha;Fatores exacerbadores;Inserir um tipo de fator;;FABRICIO;;;;;
1799;SAJADM;Menu - Apoio - Maria da Penha;Medidas protetivas;Inserir um tipo de medida protetiva;;FABRICIO;;;;;
1800;SAJADM;Menu - Apoio - Maria da Penha;Tipos de crimes;Inserir um tipo de crime;;FABRICIO;;;;;
1801;SAJADM;Menu - Apoio - Maria da Penha;Tipos de renda;Inserir um tipo de renda;;FABRICIO;;;;;
1802;SAJADM;Menu - Apoio - Maria da Penha;Tipos de vínculo com o agressor;Inserir um tipo de vínculo com o agressor;;FABRICIO;;;;;
1803;SAJADM;Menu - Apoio - Maria da Penha;Situações judiciais;Inserir uma situação judicial;;FABRICIO;;;;;
1804;SAJADM;Menu - Apoio - Vínculos;Vínculação de função à perfil;Vincular função à perfil e vice-versa;;FABRICIO;;;;;
1805;SAJADM;Menu - Apoio - Vínculos;Vinculação entre órgãos e comarcas;Vincular órgão à comarca;;FABRICIO;;;;;
1806;SAJADM;Menu - Apoio - Vínculos;Vinculação entre órgãos e origem;Vincular órgão à origem;;FABRICIO;;;;;
1807;SAJADM;Menu - Apoio - Vínculos;Vinculação entre órgãos e secretarias;Vincular órgão à secretaria;;FABRICIO;;;;;
1808;SAJADM;Menu - Apoio - Vínculos;Vinculação entre órgãos MP e varas TJ;Vincular órgão MP à vara TJ;;FABRICIO;;;;;
1809;SAJADM;Menu - Apoio - Vínculos;Vinculação entre tipos de processos e classe automática;Vincular tipo de processo à um tipo de classe;;FABRICIO;;;;;
1810;SAJADM;Menu - Apoio - Vínculos;Vinculação entre tipos de processos e classificação;Vincular tipo de processo à um tipo de classificação;;FABRICIO;;;;;
1811;SAJADM;Menu - Apoio - Vínculos;Vinculação entre tipos de cadastros e movimentação de instauração;Vincular um movimento para instaurar um tipo de cadastro;;FABRICIO;;;;;
1812;SAJADM;Menu - Apoio - Vínculos;Vinculação entre tipos de processos e tipos de movimentação;Vincular tipo de processo à um tipo de movimentação;;FABRICIO;;;;;
1813;SAJADM;Menu - Apoio - Vínculos;Vinculação entre tipos de processos e tipos de participação;Vinculação entre tipos de processos e tipos de participação;;FABRICIO;;;;;
1814;SAJADM;Menu - Apoio - Vínculos;Vinculação entre tipos de movimentação e tipos de petição;Vincular tipo de movimentação ao tipo de petição e testar;;FABRICIO;;;;;
1815;SAJADM;Menu - Apoio - Vínculos;Vinculação entre tipos de movimentação e tipos de vista;Abrir janela;;FABRICIO;;;;;
1816;SAJADM;Menu - Apoio - Vínculos;Vínculos com a distribuição;Efetuar os vinculos e testar seu comportamento;;FABRICIO;;;;;
1817;SAJADM;Menu - Apoio - Vínculos;Vínculos entre cadastros;Vincular os tipos e testar seu comportamento;;FABRICIO;;;;;
1818;SAJADM;Menu - Apoio - Vínculos;Vinculação entre Competência do MP e TJ;Abrir janela;;FABRICIO;;;;;
1819;SAJADM;Menu - Apoio - Tribunal de Justiça;Varas;Cadastrar uma vara;;FABRICIO;;;;;
1820;SAJADM;Menu - Apoio - Agenda de compromissos;Cadastros de salas;Cadastrar salas;;FABRICIO;;;;;
1821;SAJADM;Menu - Apoio - Agenda de compromissos;Situações de compromissos;Cadastrar situação de compromisso;;FABRICIO;;;;;
1822;SAJADM;Menu - Apoio - Agenda de compromissos;Tipos de compromissos;Tipos de compromissos;;FABRICIO;;;;;
1823;SAJADM;Menu - Apoio - Carga;Vinculação de movimentações;Testar vinculações;;FABRICIO;;;;;
1824;SAJADM;Menu - Apoio - Editor;Brasões;Inserir e excluir brasões;;FABRICIO;;;;;
1825;SAJADM;Menu - Apoio - Editor;Categorias;Inserir, alterar e excluir categorias;;FABRICIO;;;;;
1826;SAJADM;Menu - Apoio - Editor;Grupos;Inserir grupos;;FABRICIO;;;;;
1827;SAJADM;Menu - Apoio - Editor;Pastas;Inserir pasta;;FABRICIO;;;;;
1828;SAJADM;Menu - Apoio - Editor;Preparação de modelos e documentos para indexação;Abrir janela;;FABRICIO;;;;;
1829;SAJADM;Menu - Apoio - Integração TJ;Configurações de serviços;Abrir janela;;FABRICIO;;;;;
1830;SAJADM;Menu - Apoio - Integração TJ;Configurar tipos de documentos de petição;Efetuar vinculos;;FABRICIO;;;;;
1831;SAJADM;Menu - Apoio - Integração TJ;Configurar tipos de parte para peticionamento intermediário;Abrir janela;;FABRICIO;;;;;
1832;SAJADM;Menu - Apoio - Integração TJ;Importar dados do TJ;Abrir janela;;FABRICIO;;;;;
1833;SAJADM;Menu - Apoio - Integração TJ - MNI;Integração MP x TJ (MNI);Abrir janela;;FABRICIO;;;;;
1834;SAJADM;Menu - Apoio - Integração TJ - MNI;Órgão Julgador;Abrir janela;;FABRICIO;;;;;
1835;SAJADM;Menu - Apoio - Integração TJ - MNI;Importação de planilha MNI/EPROC;Abrir janela;;FABRICIO;;;;;
1836;SAJADM;Menu - Apoio - Integração TJ - MNI;Importação serviço de apoio MNI;Abrir janela;;FABRICIO;;;;;
1837;SAJADM;Menu - Apoio - Integração TJ - MNI;Configuração de peticionamento inicial do SEEU;Abrir janela;;FABRICIO;;;;;
1838;SAJADM;Menu - Apoio - Fluxo de trabalho;Fila inicial;Configurar a fila inicial para um determinado tipo de objeto;;FABRICIO;;;;;
1839;SAJADM;Menu - Apoio - Fluxo de trabalho;Filas de trabalho;Inserir uma nova fila trabalho;;FABRICIO;;;;;
1840;SAJADM;Menu - Apoio - Fluxo de trabalho;Fluxos de trabalho;Inserir um novo fluxo de trabalho;;FABRICIO;;;;;
1841;SAJADM;Menu - Apoio - Fluxo de trabalho;Subfluxos de trabalho;Inserir um novo subfluxo de trabalho;;FABRICIO;;;;;
1842;SAJADM;Menu - Apoio - Fluxo de trabalho;Painel de configuração do fluxo de trabalho;Configuração de fluxo de trabalho;;FABRICIO;;;;;
1843;SAJADM;Menu - Apoio - Fluxo de trabalho;Consulta de objetos fora do fluxo de trabalho;Restaurar processos/procedimentos para a fila inicial das lotações que tiverem estes excluídos manualmente do fluxo de trabalho;;FABRICIO;;;;;
1844;SAJADM;Menu - Apoio - Fluxo de trabalho;Consulta de objetos no fluxo de trabalho incorreto;Restaurar processos/procedimentos em um fluxo de trabalho incorreto;;FABRICIO;;;;;
1845;SAJADM;Menu - Apoio;Alterar situação de processos;Alterar a situação de qualquer tipo de cadastro;;FABRICIO;;;;;
1846;SAJADM;Menu - Apoio;Liberar documento em uso;Testar esta funcionalidade de liberação de documento em uso;;FABRICIO;;;;;
1847;SAJADM;Menu - Apoio;Certificados digitais;Abrir janela;;FABRICIO;;;;;
1848;SAJADM;Menu - Apoio - WEB;Sistemas web;Incluir um registro;;FABRICIO;;;;;
1849;SAJADM;Menu - Apoio - WEB;Termo de uso do portal web;Incluir um termo de uso e testar;;FABRICIO;;;;;
1850;SAJADM;Menu - Apoio - WEB;Consulta de cadastro e IP;Consultar por número de cadastro ou IP;;FABRICIO;;;;;
1851;SAJADM;Menu - Apoio - EMAIL;Relatório de e-mail;Consultar por período;;FABRICIO;;;;;
1852;SAJADM;Menu - Ajuda;Novidades da versão;Abrir janela;;FABRICIO;;;;;
1853;SAJADM;Menu - Ajuda;Sobre;Abrir janela;;FABRICIO;;;;;
1854;SAJADM;Menu - Fluxo de Trabalho - Versão do Fluxo;Cadastro de versão de fluxo;Cadastrar uma nova versão do fluxo;;FABRICIO;;;;;
1855;SAJADM;Menu - Fluxo de Trabalho - Versão do Fluxo;Cadastro de versão de fluxo;Cadastar uma versão a partir de uma já existente;;FABRICIO;;;;;
1856;SAJADM;Menu - Fluxo de Trabalho - Versão do Fluxo;Campo Objetivo;Testar campo Objetivo;;FABRICIO;;;;;
1857;SAJADM;Menu - Fluxo de Trabalho - Versão do Fluxo;Quebra de texto no campo objetivo;Verificar se ao digitar até o fim da tela, o sistema quebra o texto;;FABRICIO;;;;;
1858;SAJADM;Menu - Fluxo de Trabalho - Versão do Fluxo;Minimizar através do ícone;Minimizar tela;;FABRICIO;;;;;
1859;SAJADM;Menu - Fluxo de Trabalho - Versão do Fluxo;Restaurar janela minimizada;Maximizar tela;;FABRICIO;;;;;
1860;SAJADM;Menu - Fluxo de Trabalho - Versão do Fluxo;Fechar através do ícone;Fechar tela;;FABRICIO;;;;;
1861;SAJADM;Menu - Fluxo de Trabalho - Versão do Fluxo;Restaurar;Utilizar o botão e verificar se as informações foram restauradas;;FABRICIO;;;;;
1862;SAJADM;Menu - Fluxo de Trabalho - Versão do Fluxo;Fechar;Utilizar o botão e verificar se a tela foi fechada;;FABRICIO;;;;;
1863;SAJADM;Menu - Fluxo de Trabalho ;Painel de Configuração do fluxo de trabalho;Adicionar um subfluxo de trabalho;;FABRICIO;;;;;
1864;SAJADM;Menu - Fluxo de Trabalho ;Painel de Configuração do fluxo de trabalho;Adicionar uma fila de trabalho;;FABRICIO;;;;;
1865;SAJADM;Menu - Fluxo de Trabalho ;Painel de Configuração do fluxo de trabalho;Remover um subfluxo de trabalho;;FABRICIO;;;;;
1866;SAJADM;Menu - Fluxo de Trabalho ;Painel de Configuração do fluxo de trabalho;Remover uma fila de trabalho;;FABRICIO;;;;;
1867;SAJADM;Menu - Fluxo de Trabalho ;Painel de Configuração do fluxo de trabalho;Habilitar fila de trabalho;;FABRICIO;;;;;
1868;SAJADM;Menu - Fluxo de Trabalho ;Painel de Configuração do fluxo de trabalho;Mover os subfluxos com as setas ;;FABRICIO;;;;;
1869;SAJADM;Menu - Fluxo de Trabalho ;Painel de Configuração do fluxo de trabalho;Verificar o botão de expandir todos os subfluxos;;FABRICIO;;;;;
1870;SAJADM;Menu - Fluxo de Trabalho ;Painel de Configuração do fluxo de trabalho;Verificar o botão de incolher todos os subfluxos;;FABRICIO;;;;;
1871;SAJADM;Menu - Fluxo de Trabalho ;Painel de Configuração do fluxo de trabalho;Copiar configurações DE outro subfluxo;;FABRICIO;;;;;
1872;SAJADM;Menu - Fluxo de Trabalho ;Painel de Configuração do fluxo de trabalho;Copiar configurações PARA outro subfluxo;;FABRICIO;;;;;
1873;SAJADM;Menu - Fluxo de Trabalho ;Painel de Configuração do fluxo de trabalho;Vincular perfil a uma fila;;FABRICIO;;;;;
1874;SAJADM;Menu - Fluxo de Trabalho ;Painel de Configuração do fluxo de trabalho;Definir prazo;;FABRICIO;;;;;
1875;SAJADM;Menu - Fluxo de Trabalho ;Painel de Configuração do fluxo de trabalho;Copiar configurações DE outra fila;;FABRICIO;;;;;
1876;SAJADM;Menu - Fluxo de Trabalho ;Painel de Configuração do fluxo de trabalho;Copiar configurações PARA outra fila;;FABRICIO;;;;;
1877;SAJADM;Menu - Fluxo de Trabalho ;Painel de Configuração do fluxo de trabalho;Verificar campo de pesquisa no canto inferior esquerdo;;FABRICIO;;;;;
1878;SAJADM;Menu - Fluxo de Trabalho ;Configurações de Fila;"Incluir nova operação no comportamento ""Ao entrar na fila""";;FABRICIO;;;;;
1879;SAJADM;Menu - Fluxo de Trabalho ;Configurações de Fila;"Incluir nova atividade na configuração ""Atividades disponíveis na fila""";;FABRICIO;;;;;
1880;SAJADM;Menu - Fluxo de Trabalho ;Configurações de Fila;"Incluir nova operação no comportamento ""Ao sair da fila""";;FABRICIO;;;;;
1881;SAJADM;Menu - Fluxo de Trabalho ;Configurações de Fila;"Incluir nova operação no comportamento ""Ao lançar movimentação""";;FABRICIO;;;;;
1882;SAJADM;Menu - Fluxo de Trabalho ;Configurações de Fila;Incluir uma nova susgestão de próxima fila;;FABRICIO;;;;;
1883;SAJADM;Menu - Fluxo de Trabalho ;Configurações de Fila;Incluir sugestões de movimentação ao mover manualmente;;FABRICIO;;;;;
1884;SAJADM;Menu - Fluxo de Trabalho ;Configurações de Fila;Criar configuração personalizada de coluna;;FABRICIO;;;;;
1885;SAJADM;Menu - Fluxo de Trabalho - Versão do Fluxo;Cadastro de versão de fluxo;Aplicar no versão do fluxo;;FABRICIO;;;;;
1886;SAJADM;Menu - Fluxo de Trabalho ;Salvar;Verificar se o botão salva as alterações realizadas;;FABRICIO;;;;;
1887;SAJADM;Menu - Fluxo de Trabalho ;Limpar;Verificar se o botão confirma as alterações realizas antes de limpar os campos ;;FABRICIO;;;;;
1888;SAJADM;Menu - Fluxo de Trabalho ;Restaurar ;Utilizar o botão e verificar se as informações foram restauradas;;FABRICIO;;;;;
1889;SAJADM;Menu - Fluxo de Trabalho ;Relatório ;Gerar relatório de configuração do subfluxo e a fila de trabalho;;FABRICIO;;;;;
1890;SAJADM;Menu - Fluxo de Trabalho ;Fechar;Utilizar o botão e verificar se a tela será fechada corretamente;;FABRICIO;;;;;
1891;SAJADM;Menu - Usuário - Cadastro de Usuário;Dados pessoais;Testar o preenchimento de todos os campos;;FABRICIO;;;;;
1892;SAJADM;Menu - Usuário - Cadastro de Usuário;Dados pessoais;Verificar vinculo com Pessoa controlada;;FABRICIO;;;;;
1893;SAJADM;Menu - Usuário - Cadastro de Usuário;Dados pessoais;Verificar o preenchimento ao usar o tratamento pelo nome social;;FABRICIO;;;;;
1894;SAJADM;Menu - Usuário - Cadastro de Usuário;Lotações do usuário;Adicionar e remover lotação do usuário;;FABRICIO;;;;;
1895;SAJADM;Menu - Usuário - Cadastro de Usuário;Lotações do usuário;Marcar lotação como principal e verificar a alteração no SAJMP;;FABRICIO;;;;;
1896;SAJADM;Menu - Usuário - Cadastro de Usuário;Lotações do usuário - Funções;Adicionar e remover função ao usuário;;FABRICIO;;;;;
1897;SAJADM;Menu - Usuário - Cadastro de Usuário;Cadastro de Período em Atividade na Função;Definir período de atividade da função;;FABRICIO;;;;;
1898;SAJADM;Menu - Usuário - Cadastro de Usuário;Cadastro de Período em Atividade na Função;Verificar se as setas alteram entre as funções adicionadas;;FABRICIO;;;;;
1899;SAJADM;Menu - Usuário - Cadastro de Usuário;Autorizações do Usuário;Verificar a funcionalidade das abas operações/pastas/fila de trabalho;;FABRICIO;;;;;
1900;SAJADM;Menu - Usuário - Cadastro de Usuário;Auditoria;Adicionar e remover acesso e verificar se é apresentado na auditoria;;FABRICIO;;;;;
1901;SAJADM;Menu - Usuário - Cadastro de Usuário;Novo;Verificar se ao utilizar o botão é aberto um novo cadastro de usuário;;FABRICIO;;;;;
1902;SAJADM;Menu - Usuário - Cadastro de Usuário;Exluir;Verificar se irá apresentar a confirmação de exclusão e se será excluido o cadastro iniciado;;FABRICIO;;;;;
1903;SAJADM;Menu - Usuário - Cadastro de Usuário;Limpar;Verificar se é feito a limpeza nos campos preenchidos;;FABRICIO;;;;;
1904;SAJADM;Menu - Usuário - Cadastro de Usuário;Relatório;Gerar relatório do cadastro do usuário;;FABRICIO;;;;;
1905;SAJADM;Menu - Usuário - Cadastro de Usuário;Fechar;Verificar se irá realizar apresentar a confirmação e o fechamento da jenela;;FABRICIO;;;;;
1906;SAJADM;Parâmetros;Copiar campo Nº MP e Judiciário fluxo de Trabalho;Alterar parêmetro e verificar se o recurso é habilitado;Parâmetro 51644;FABRICIO;;;;;
1907;SAJMP;Menu - Ajuda;Novidades da versão;Abrir janela;;FABRICIO;;;;;
1908;SAJMP;Menu - Ajuda;Sobre;Abrir janela;;FABRICIO;;;;;
1909;SAJMP;Menu - Ajuda;Central de Ajuda;Abrir janela;;FABRICIO;;;;;
1910;SAJMP;Teste Externo;Escala tela de petição em notebook;Visualizar o botão de petição;;FABRICIO;;;;;
1911;SAJMP;Fluxo de Trabalho;Movimentações;Verificar se as movimentações internas estão movendo os cadastros para fora do fluxo;;FABRICIO;;;;;
;;;;;;;;;;;
;;;;;;;;;;;
;;;;;;;;;;;
;;;;;;;;;;;
;;;;;;;;;;;
;;;;;;;;;;;
;;;;;;;;;;;
;;;;;;;;;;;
;;;;;;;;;;;
;;;;;;;;;;;
;;;;;;;;;;;
;;;;;;;;;;;
;;;;;;;;;;;
;;;;;;;;;;;
;;;;;;;;;;;
;;;;;;;;;;;
;;;;;;;;;;;
;;;;;;;;;;;
;;;;;;;;;;;
;;;;;;;;;;;
;;;;;;;;;;;
;;;;;;;;;;;
;;;;;;;;;;;
;;;;;;;;;;;
;;;;;;;;;;;
;;;;;;;;;;;
;;;;;;;;;;;
;;;;;;;;;;;
;;;;;;;;;;;
;;;;;;;;;;;
;;;;;;;;;;;
;;;;;;;;;;;
;;;;;;;;;;;
;;;;;;;;;;;
;;;;;;;;;;;
;;;;;;;;;;;
;;;;;;;;;;;
;;;;;;;;;;;
;;;;;;;;;;;
;;;;;;;;;;;
;;;;;;;;;;;
;;;;;;;;;;;
;;;;;;;;;;;
;;;;;;;;;;;
;;;;;;;;;;;
;;;;;;;;;;;
;;;;;;;;;;;
;;;;;;;;;;;
;;;;;;;;;;;
;;;;;;;;;;;
;;;;;;;;;;;
;;;;;;;;;;;
;;;;;;;;;;;
;;;;;;;;;;;
;;;;;;;;;;;
;;;;;;;;;;;
;;;;;;;;;;;
;;;;;;;;;;;
;;;;;;;;;;;
;;;;;;;;;;;
;;;;;;;;;;;
;;;;;;;;;;;
;;;;;;;;;;;
;;;;;;;;;;;
;;;;;;;;;;;
;;;;;;;;;;;
;;;;;;;;;;;
;;;;;;;;;;;
;;;;;;;;;;;
;;;;;;;;;;;
;;;;;;;;;;;
;;;;;;;;;;;
;;;;;;;;;;;
;;;;;;;;;;;
;;;;;;;;;;;
;;;;;;;;;;;
;;;;;;;;;;;
;;;;;;;;;;;
;;;;;;;;;;;
;;;;;;;;;;;
;;;;;;;;;;;
;;;;;;;;;;;
;;;;;;;;;;;
;;;;;;;;;;;
;;;;;;;;;;;
;;;;;;;;;;;
;;;;;;;;;;;
;;;;;;;;;;;
;;;;;;;;;;;
;;;;;;;;;;;
;;;;;;;;;;;
;;;;;;;;;;;
;;;;;;;;;;;
;;;;;;;;;;;
;;;;;;;;;;;
;;;;;;;;;;;
;;;;;;;;;;;
;;;;;;;;;;;
;;;;;;;;;;;
;;;;;;;;;;;
;;;;;;;;;;;
;;;;;;;;;;;
;;;;;;;;;;;
;;;;;;;;;;;
;;;;;;;;;;;
;;;;;;;;;;;
;;;;;;;;;;;
;;;;;;;;;;;
;;;;;;;;;;;
;;;;;;;;;;;
;;;;;;;;;;;
;;;;;;;;;;;
;;;;;;;;;;;
;;;;;;;;;;;
;;;;;;;;;;;
;;;;;;;;;;;
;;;;;;;;;;;
;;;;;;;;;;;
;;;;;;;;;;;
;;;;;;;;;;;
;;;;;;;;;;;
;;;;;;;;;;;
;;;;;;;;;;;
;;;;;;;;;;;
;;;;;;;;;;;
;;;;;;;;;;;
;;;;;;;;;;;
;;;;;;;;;;;
;;;;;;;;;;;
;;;;;;;;;;;
;;;;;;;;;;;
;;;;;;;;;;;
;;;;;;;;;;;
;;;;;;;;;;;
;;;;;;;;;;;
;;;;;;;;;;;
;;;;;;;;;;;
;;;;;;;;;;;
;;;;;;;;;;;
;;;;;;;;;;;
;;;;;;;;;;;
;;;;;;;;;;;
;;;;;;;;;;;
;;;;;;;;;;;
;;;;;;;;;;;
;;;;;;;;;;;
;;;;;;;;;;;
;;;;;;;;;;;
;;;;;;;;;;;
;;;;;;;;;;;
;;;;;;;;;;;
;;;;;;;;;;;
;;;;;;;;;;;
;;;;;;;;;;;
;;;;;;;;;;;
;;;;;;;;;;;
;;;;;;;;;;;
;;;;;;;;;;;
;;;;;;;;;;;
;;;;;;;;;;;
;;;;;;;;;;;
;;;;;;;;;;;
;;;;;;;;;;;
;;;;;;;;;;;
;;;;;;;;;;;
;;;;;;;;;;;
;;;;;;;;;;;
;;;;;;;;;;;
;;;;;;;;;;;
;;;;;;;;;;;
;;;;;;;;;;;
;;;;;;;;;;;
;;;;;;;;;;;
;;;;;;;;;;;
;;;;;;;;;;;
;;;;;;;;;;;
;;;;;;;;;;;
;;;;;;;;;;;
;;;;;;;;;;;
;;;;;;;;;;;
;;;;;;;;;;;
;;;;;;;;;;;
;;;;;;;;;;;
;;;;;;;;;;;
;;;;;;;;;;;
;;;;;;;;;;;
;;;;;;;;;;;
;;;;;;;;;;;
;;;;;;;;;;;
;;;;;;;;;;;
;;;;;;;;;;;
;;;;;;;;;;;
;;;;;;;;;;;
;;;;;;;;;;;
;;;;;;;;;;;
;;;;;;;;;;;
;;;;;;;;;;;
;;;;;;;;;;;
;;;;;;;;;;;
;;;;;;;;;;;
;;;;;;;;;;;
;;;;;;;;;;;
;;;;;;;;;;;
;;;;;;;;;;;
;;;;;;;;;;;
;;;;;;;;;;;
;;;;;;;;;;;
;;;;;;;;;;;
;;;;;;;;;;;
;;;;;;;;;;;
;;;;;;;;;;;
;;;;;;;;;;;
;;;;;;;;;;;
;;;;;;;;;;;
;;;;;;;;;;;
;;;;;;;;;;;
;;;;;;;;;;;
;;;;;;;;;;;
;;;;;;;;;;;
;;;;;;;;;;;
;;;;;;;;;;;
;;;;;;;;;;;
;;;;;;;;;;;
;;;;;;;;;;;
;;;;;;;;;;;
;;;;;;;;;;;
;;;;;;;;;;;
;;;;;;;;;;;
;;;;;;;;;;;
;;;;;;;;;;;
;;;;;;;;;;;
;;;;;;;;;;;
;;;;;;;;;;;
;;;;;;;;;;;
;;;;;;;;;;;
;;;;;;;;;;;
;;;;;;;;;;;
;;;;;;;;;;;
;;;;;;;;;;;
;;;;;;;;;;;
;;;;;;;;;;;
;;;;;;;;;;;
;;;;;;;;;;;
;;;;;;;;;;;
;;;;;;;;;;;
;;;;;;;;;;;
;;;;;;;;;;;
;;;;;;;;;;;
;;;;;;;;;;;
;;;;;;;;;;;
;;;;;;;;;;;
;;;;;;;;;;;
;;;;;;;;;;;
;;;;;;;;;;;
;;;;;;;;;;;
;;;;;;;;;;;
;;;;;;;;;;;
;;;;;;;;;;;
;;;;;;;;;;;
;;;;;;;;;;;
;;;;;;;;;;;
;;;;;;;;;;;
;;;;;;;;;;;
;;;;;;;;;;;
;;;;;;;;;;;
;;;;;;;;;;;
;;;;;;;;;;;
;;;;;;;;;;;
;;;;;;;;;;;
;;;;;;;;;;;
;;;;;;;;;;;
;;;;;;;;;;;
;;;;;;;;;;;
;;;;;;;;;;;
;;;;;;;;;;;
;;;;;;;;;;;
;;;;;;;;;;;
;;;;;;;;;;;
;;;;;;;;;;;
;;;;;;;;;;;
;;;;;;;;;;;
;;;;;;;;;;;
;;;;;;;;;;;
;;;;;;;;;;;
;;;;;;;;;;;
;;;;;;;;;;;
;;;;;;;;;;;
;;;;;;;;;;;
;;;;;;;;;;;
;;;;;;;;;;;
;;;;;;;;;;;
;;;;;;;;;;;
;;;;;;;;;;;
;;;;;;;;;;;
;;;;;;;;;;;
;;;;;;;;;;;
;;;;;;;;;;;
;;;;;;;;;;;
;;;;;;;;;;;
;;;;;;;;;;;
;;;;;;;;;;;
;;;;;;;;;;;
;;;;;;;;;;;
;;;;;;;;;;;
;;;;;;;;;;;
;;;;;;;;;;;
;;;;;;;;;;;
;;;;;;;;;;;
;;;;;;;;;;;
;;;;;;;;;;;
;;;;;;;;;;;
;;;;;;;;;;;
;;;;;;;;;;;
;;;;;;;;;;;
;;;;;;;;;;;
;;;;;;;;;;;
;;;;;;;;;;;
;;;;;;;;;;;
;;;;;;;;;;;
;;;;;;;;;;;
;;;;;;;;;;;
;;;;;;;;;;;
;;;;;;;;;;;
;;;;;;;;;;;
;;;;;;;;;;;
;;;;;;;;;;;
;;;;;;;;;;;
;;;;;;;;;;;
;;;;;;;;;;;
;;;;;;;;;;;
;;;;;;;;;;;
;;;;;;;;;;;
;;;;;;;;;;;
;;;;;;;;;;;
;;;;;;;;;;;
;;;;;;;;;;;
;;;;;;;;;;;
;;;;;;;;;;;
;;;;;;;;;;;
;;;;;;;;;;;
;;;;;;;;;;;
;;;;;;;;;;;
;;;;;;;;;;;
;;;;;;;;;;;
;;;;;;;;;;;
;;;;;;;;;;;
;;;;;;;;;;;
;;;;;;;;;;;
;;;;;;;;;;;
;;;;;;;;;;;
;;;;;;;;;;;
;;;;;;;;;;;
;;;;;;;;;;;
;;;;;;;;;;;
;;;;;;;;;;;
;;;;;;;;;;;
;;;;;;;;;;;
;;;;;;;;;;;
;;;;;;;;;;;
;;;;;;;;;;;
;;;;;;;;;;;
;;;;;;;;;;;
;;;;;;;;;;;
;;;;;;;;;;;
;;;;;;;;;;;
;;;;;;;;;;;
;;;;;;;;;;;
;;;;;;;;;;;
;;;;;;;;;;;
;;;;;;;;;;;
;;;;;;;;;;;
;;;;;;;;;;;
;;;;;;;;;;;
;;;;;;;;;;;
;;;;;;;;;;;
;;;;;;;;;;;
;;;;;;;;;;;
;;;;;;;;;;;
;;;;;;;;;;;
;;;;;;;;;;;
;;;;;;;;;;;
;;;;;;;;;;;
;;;;;;;;;;;
;;;;;;;;;;;
;;;;;;;;;;;
;;;;;;;;;;;
;;;;;;;;;;;
;;;;;;;;;;;
;;;;;;;;;;;
;;;;;;;;;;;
;;;;;;;;;;;
;;;;;;;;;;;
;;;;;;;;;;;
;;;;;;;;;;;
;;;;;;;;;;;
;;;;;;;;;;;
;;;;;;;;;;;
;;;;;;;;;;;
;;;;;;;;;;;
;;;;;;;;;;;
;;;;;;;;;;;
;;;;;;;;;;;
;;;;;;;;;;;
;;;;;;;;;;;
;;;;;;;;;;;
;;;;;;;;;;;
;;;;;;;;;;;
;;;;;;;;;;;
;;;;;;;;;;;
;;;;;;;;;;;
;;;;;;;;;;;
;;;;;;;;;;;
;;;;;;;;;;;
;;;;;;;;;;;
;;;;;;;;;;;
;;;;;;;;;;;
;;;;;;;;;;;
;;;;;;;;;;;
;;;;;;;;;;;
;;;;;;;;;;;
;;;;;;;;;;;
;;;;;;;;;;;
;;;;;;;;;;;
;;;;;;;;;;;
;;;;;;;;;;;
;;;;;;;;;;;
;;;;;;;;;;;
;;;;;;;;;;;
;;;;;;;;;;;
;;;;;;;;;;;
;;;;;;;;;;;
;;;;;;;;;;;
;;;;;;;;;;;
;;;;;;;;;;;
;;;;;;;;;;;
;;;;;;;;;;;
;;;;;;;;;;;
;;;;;;;;;;;
;;;;;;;;;;;
;;;;;;;;;;;
;;;;;;;;;;;
;;;;;;;;;;;
;;;;;;;;;;;
;;;;;;;;;;;
;;;;;;;;;;;
;;;;;;;;;;;
;;;;;;;;;;;
;;;;;;;;;;;
;;;;;;;;;;;
;;;;;;;;;;;
;;;;;;;;;;;
;;;;;;;;;;;
;;;;;;;;;;;
;;;;;;;;;;;
;;;;;;;;;;;
;;;;;;;;;;;
;;;;;;;;;;;
;;;;;;;;;;;
;;;;;;;;;;;
;;;;;;;;;;;
;;;;;;;;;;;
;;;;;;;;;;;
;;;;;;;;;;;
;;;;;;;;;;;
;;;;;;;;;;;
;;;;;;;;;;;
;;;;;;;;;;;
;;;;;;;;;;;
;;;;;;;;;;;
;;;;;;;;;;;
;;;;;;;;;;;
;;;;;;;;;;;
;;;;;;;;;;;
;;;;;;;;;;;
;;;;;;;;;;;
;;;;;;;;;;;
;;;;;;;;;;;
;;;;;;;;;;;
;;;;;;;;;;;
;;;;;;;;;;;
;;;;;;;;;;;
;;;;;;;;;;;
;;;;;;;;;;;
;;;;;;;;;;;
;;;;;;;;;;;
;;;;;;;;;;;
;;;;;;;;;;;
;;;;;;;;;;;
;;;;;;;;;;;
;;;;;;;;;;;
;;;;;;;;;;;
;;;;;;;;;;;
;;;;;;;;;;;
;;;;;;;;;;;
;;;;;;;;;;;
;;;;;;;;;;;
;;;;;;;;;;;
;;;;;;;;;;;
;;;;;;;;;;;
;;;;;;;;;;;
;;;;;;;;;;;
;;;;;;;;;;;
;;;;;;;;;;;
;;;;;;;;;;;
;;;;;;;;;;;
;;;;;;;;;;;
;;;;;;;;;;;
;;;;;;;;;;;
;;;;;;;;;;;
;;;;;;;;;;;
;;;;;;;;;;;
;;;;;;;;;;;
;;;;;;;;;;;
;;;;;;;;;;;
;;;;;;;;;;;
;;;;;;;;;;;
;;;;;;;;;;;
;;;;;;;;;;;
;;;;;;;;;;;
;;;;;;;;;;;
;;;;;;;;;;;
;;;;;;;;;;;
;;;;;;;;;;;
;;;;;;;;;;;
;;;;;;;;;;;
;;;;;;;;;;;
;;;;;;;;;;;
;;;;;;;;;;;
;;;;;;;;;;;
;;;;;;;;;;;
;;;;;;;;;;;
;;;;;;;;;;;
;;;;;;;;;;;
;;;;;;;;;;;
;;;;;;;;;;;
;;;;;;;;;;;
;;;;;;;;;;;
;;;;;;;;;;;
;;;;;;;;;;;
;;;;;;;;;;;
;;;;;;;;;;;
;;;;;;;;;;;
;;;;;;;;;;;
;;;;;;;;;;;
;;;;;;;;;;;
;;;;;;;;;;;
;;;;;;;;;;;
;;;;;;;;;;;
;;;;;;;;;;;
;;;;;;;;;;;
;;;;;;;;;;;
;;;;;;;;;;;
;;;;;;;;;;;
;;;;;;;;;;;
;;;;;;;;;;;
;;;;;;;;;;;
;;;;;;;;;;;
;;;;;;;;;;;
;;;;;;;;;;;
;;;;;;;;;;;
;;;;;;;;;;;
;;;;;;;;;;;
;;;;;;;;;;;
;;;;;;;;;;;
;;;;;;;;;;;
;;;;;;;;;;;
;;;;;;;;;;;
;;;;;;;;;;;
;;;;;;;;;;;
;;;;;;;;;;;
;;;;;;;;;;;
;;;;;;;;;;;
;;;;;;;;;;;
;;;;;;;;;;;
;;;;;;;;;;;
;;;;;;;;;;;
;;;;;;;;;;;
;;;;;;;;;;;
;;;;;;;;;;;
;;;;;;;;;;;
;;;;;;;;;;;
;;;;;;;;;;;
;;;;;;;;;;;
;;;;;;;;;;;
;;;;;;;;;;;
;;;;;;;;;;;
;;;;;;;;;;;
;;;;;;;;;;;
;;;;;;;;;;;
;;;;;;;;;;;
;;;;;;;;;;;
;;;;;;;;;;;
;;;;;;;;;;;
;;;;;;;;;;;
;;;;;;;;;;;
;;;;;;;;;;;
;;;;;;;;;;;
;;;;;;;;;;;
;;;;;;;;;;;
;;;;;;;;;;;
;;;;;;;;;;;
;;;;;;;;;;;
;;;;;;;;;;;
;;;;;;;;;;;
;;;;;;;;;;;
;;;;;;;;;;;
;;;;;;;;;;;
;;;;;;;;;;;
;;;;;;;;;;;
;;;;;;;;;;;
;;;;;;;;;;;
;;;;;;;;;;;
;;;;;;;;;;;
;;;;;;;;;;;
;;;;;;;;;;;
;;;;;;;;;;;
;;;;;;;;;;;
;;;;;;;;;;;
;;;;;;;;;;;
;;;;;;;;;;;
;;;;;;;;;;;
;;;;;;;;;;;
;;;;;;;;;;;
;;;;;;;;;;;
;;;;;;;;;;;
;;;;;;;;;;;
;;;;;;;;;;;
;;;;;;;;;;;
;;;;;;;;;;;
;;;;;;;;;;;
;;;;;;;;;;;
;;;;;;;;;;;
;;;;;;;;;;;
;;;;;;;;;;;
;;;;;;;;;;;
;;;;;;;;;;;
;;;;;;;;;;;
;;;;;;;;;;;
;;;;;;;;;;;
;;;;;;;;;;;
;;;;;;;;;;;
;;;;;;;;;;;
;;;;;;;;;;;
;;;;;;;;;;;
;;;;;;;;;;;
;;;;;;;;;;;
;;;;;;;;;;;
;;;;;;;;;;;
;;;;;;;;;;;
;;;;;;;;;;;
;;;;;;;;;;;
;;;;;;;;;;;
;;;;;;;;;;;
;;;;;;;;;;;
;;;;;;;;;;;
;;;;;;;;;;;
;;;;;;;;;;;
;;;;;;;;;;;
;;;;;;;;;;;
;;;;;;;;;;;
;;;;;;;;;;;
;;;;;;;;;;;
;;;;;;;;;;;
;;;;;;;;;;;
;;;;;;;;;;;
;;;;;;;;;;;
;;;;;;;;;;;
;;;;;;;;;;;
;;;;;;;;;;;
;;;;;;;;;;;
;;;;;;;;;;;
;;;;;;;;;;;
;;;;;;;;;;;
;;;;;;;;;;;
;;;;;;;;;;;
;;;;;;;;;;;
;;;;;;;;;;;
;;;;;;;;;;;
;;;;;;;;;;;
;;;;;;;;;;;
;;;;;;;;;;;
;;;;;;;;;;;
;;;;;;;;;;;
;;;;;;;;;;;
;;;;;;;;;;;
;;;;;;;;;;;
;;;;;;;;;;;
;;;;;;;;;;;
;;;;;;;;;;;
;;;;;;;;;;;
;;;;;;;;;;;
;;;;;;;;;;;
;;;;;;;;;;;
;;;;;;;;;;;
;;;;;;;;;;;
;;;;;;;;;;;
;;;;;;;;;;;
;;;;;;;;;;;
;;;;;;;;;;;
;;;;;;;;;;;
;;;;;;;;;;;
;;;;;;;;;;;
;;;;;;;;;;;
;;;;;;;;;;;
;;;;;;;;;;;
;;;;;;;;;;;
;;;;;;;;;;;
;;;;;;;;;;;
;;;;;;;;;;;
;;;;;;;;;;;
;;;;;;;;;;;
;;;;;;;;;;;
;;;;;;;;;;;
;;;;;;;;;;;
;;;;;;;;;;;
;;;;;;;;;;;
;;;;;;;;;;;
;;;;;;;;;;;
;;;;;;;;;;;
;;;;;;;;;;;
;;;;;;;;;;;
;;;;;;;;;;;
;;;;;;;;;;;
;;;;;;;;;;;
;;;;;;;;;;;
;;;;;;;;;;;
;;;;;;;;;;;
;;;;;;;;;;;
;;;;;;;;;;;
;;;;;;;;;;;
;;;;;;;;;;;
;;;;;;;;;;;
;;;;;;;;;;;
;;;;;;;;;;;
;;;;;;;;;;;
;;;;;;;;;;;
;;;;;;;;;;;
;;;;;;;;;;;
;;;;;;;;;;;
;;;;;;;;;;;
;;;;;;;;;;;
;;;;;;;;;;;
;;;;;;;;;;;
;;;;;;;;;;;
;;;;;;;;;;;
;;;;;;;;;;;
;;;;;;;;;;;
;;;;;;;;;;;
;;;;;;;;;;;
;;;;;;;;;;;
;;;;;;;;;;;
;;;;;;;;;;;
;;;;;;;;;;;
;;;;;;;;;;;
;;;;;;;;;;;
;;;;;;;;;;;
;;;;;;;;;;;
;;;;;;;;;;;
;;;;;;;;;;;
;;;;;;;;;;;
;;;;;;;;;;;
;;;;;;;;;;;
;;;;;;;;;;;
;;;;;;;;;;;
;;;;;;;;;;;
;;;;;;;;;;;
;;;;;;;;;;;
;;;;;;;;;;;
;;;;;;;;;;;
;;;;;;;;;;;
;;;;;;;;;;;
;;;;;;;;;;;
;;;;;;;;;;;
;;;;;;;;;;;
;;;;;;;;;;;
;;;;;;;;;;;
;;;;;;;;;;;
;;;;;;;;;;;
;;;;;;;;;;;
;;;;;;;;;;;
;;;;;;;;;;;
;;;;;;;;;;;
;;;;;;;;;;;
;;;;;;;;;;;
;;;;;;;;;;;
;;;;;;;;;;;
;;;;;;;;;;;
;;;;;;;;;;;
;;;;;;;;;;;
;;;;;;;;;;;
;;;;;;;;;;;
;;;;;;;;;;;
;;;;;;;;;;;
;;;;;;;;;;;
;;;;;;;;;;;
;;;;;;;;;;;
;;;;;;;;;;;
;;;;;;;;;;;
;;;;;;;;;;;
;;;;;;;;;;;
;;;;;;;;;;;
;;;;;;;;;;;
;;;;;;;;;;;
;;;;;;;;;;;
;;;;;;;;;;;
;;;;;;;;;;;
;;;;;;;;;;;
;;;;;;;;;;;
;;;;;;;;;;;
;;;;;;;;;;;
;;;;;;;;;;;
;;;;;;;;;;;
;;;;;;;;;;;
;;;;;;;;;;;
;;;;;;;;;;;
;;;;;;;;;;;
;;;;;;;;;;;
;;;;;;;;;;;
;;;;;;;;;;;
;;;;;;;;;;;
;;;;;;;;;;;
;;;;;;;;;;;
;;;;;;;;;;;
;;;;;;;;;;;
;;;;;;;;;;;
;;;;;;;;;;;
;;;;;;;;;;;
;;;;;;;;;;;
;;;;;;;;;;;
;;;;;;;;;;;
;;;;;;;;;;;
;;;;;;;;;;;
;;;;;;;;;;;
;;;;;;;;;;;
;;;;;;;;;;;
;;;;;;;;;;;
;;;;;;;;;;;
;;;;;;;;;;;
;;;;;;;;;;;
;;;;;;;;;;;
;;;;;;;;;;;
;;;;;;;;;;;
;;;;;;;;;;;
;;;;;;;;;;;
;;;;;;;;;;;
;;;;;;;;;;;
;;;;;;;;;;;
;;;;;;;;;;;
;;;;;;;;;;;
;;;;;;;;;;;
;;;;;;;;;;;
;;;;;;;;;;;
;;;;;;;;;;;
;;;;;;;;;;;
;;;;;;;;;;;
;;;;;;;;;;;
;;;;;;;;;;;
;;;;;;;;;;;
;;;;;;;;;;;
;;;;;;;;;;;
;;;;;;;;;;;
;;;;;;;;;;;
;;;;;;;;;;;
;;;;;;;;;;;
;;;;;;;;;;;
;;;;;;;;;;;
;;;;;;;;;;;
;;;;;;;;;;;
;;;;;;;;;;;
;;;;;;;;;;;
;;;;;;;;;;;
;;;;;;;;;;;
;;;;;;;;;;;
;;;;;;;;;;;
;;;;;;;;;;;
;;;;;;;;;;;
;;;;;;;;;;;
;;;;;;;;;;;
;;;;;;;;;;;
;;;;;;;;;;;
;;;;;;;;;;;
;;;;;;;;;;;
;;;;;;;;;;;
;;;;;;;;;;;
;;;;;;;;;;;
;;;;;;;;;;;
;;;;;;;;;;;
;;;;;;;;;;;
;;;;;;;;;;;
;;;;;;;;;;;
;;;;;;;;;;;
;;;;;;;;;;;
;;;;;;;;;;;
;;;;;;;;;;;
;;;;;;;;;;;
;;;;;;;;;;;
;;;;;;;;;;;
;;;;;;;;;;;
;;;;;;;;;;;
;;;;;;;;;;;
;;;;;;;;;;;
;;;;;;;;;;;
;;;;;;;;;;;
;;;;;;;;;;;
;;;;;;;;;;;
;;;;;;;;;;;
;;;;;;;;;;;
;;;;;;;;;;;
;;;;;;;;;;;
;;;;;;;;;;;
;;;;;;;;;;;
;;;;;;;;;;;
;;;;;;;;;;;
;;;;;;;;;;;
;;;;;;;;;;;
;;;;;;;;;;;
;;;;;;;;;;;
;;;;;;;;;;;
;;;;;;;;;;;
;;;;;;;;;;;
;;;;;;;;;;;
;;;;;;;;;;;
;;;;;;;;;;;
;;;;;;;;;;;
;;;;;;;;;;;
;;;;;;;;;;;
;;;;;;;;;;;
;;;;;;;;;;;
;;;;;;;;;;;
;;;;;;;;;;;
;;;;;;;;;;;
;;;;;;;;;;;
;;;;;;;;;;;
;;;;;;;;;;;
;;;;;;;;;;;
;;;;;;;;;;;
;;;;;;;;;;;
;;;;;;;;;;;
;;;;;;;;;;;
;;;;;;;;;;;
;;;;;;;;;;;
;;;;;;;;;;;
;;;;;;;;;;;
;;;;;;;;;;;
;;;;;;;;;;;
;;;;;;;;;;;
;;;;;;;;;;;
;;;;;;;;;;;
;;;;;;;;;;;
;;;;;;;;;;;
;;;;;;;;;;;
;;;;;;;;;;;
;;;;;;;;;;;
;;;;;;;;;;;
;;;;;;;;;;;
;;;;;;;;;;;
;;;;;;;;;;;
;;;;;;;;;;;
;;;;;;;;;;;
;;;;;;;;;;;
;;;;;;;;;;;
;;;;;;;;;;;
;;;;;;;;;;;
;;;;;;;;;;;
;;;;;;;;;;;
;;;;;;;;;;;
;;;;;;;;;;;
;;;;;;;;;;;
;;;;;;;;;;;
;;;;;;;;;;;
;;;;;;;;;;;
;;;;;;;;;;;
;;;;;;;;;;;
;;;;;;;;;;;
;;;;;;;;;;;
;;;;;;;;;;;
;;;;;;;;;;;
;;;;;;;;;;;
;;;;;;;;;;;
;;;;;;;;;;;
;;;;;;;;;;;
;;;;;;;;;;;
;;;;;;;;;;;
;;;;;;;;;;;
;;;;;;;;;;;
;;;;;;;;;;;
;;;;;;;;;;;
;;;;;;;;;;;
;;;;;;;;;;;
;;;;;;;;;;;
;;;;;;;;;;;
;;;;;;;;;;;
;;;;;;;;;;;
;;;;;;;;;;;
;;;;;;;;;;;
;;;;;;;;;;;
;;;;;;;;;;;
;;;;;;;;;;;
;;;;;;;;;;;
;;;;;;;;;;;
;;;;;;;;;;;
;;;;;;;;;;;
;;;;;;;;;;;
;;;;;;;;;;;
;;;;;;;;;;;
;;;;;;;;;;;
;;;;;;;;;;;
;;;;;;;;;;;
;;;;;;;;;;;
;;;;;;;;;;;
;;;;;;;;;;;
;;;;;;;;;;;
;;;;;;;;;;;
;;;;;;;;;;;
;;;;;;;;;;;
;;;;;;;;;;;
;;;;;;;;;;;
;;;;;;;;;;;
;;;;;;;;;;;
;;;;;;;;;;;
;;;;;;;;;;;
;;;;;;;;;;;
;;;;;;;;;;;
;;;;;;;;;;;
;;;;;;;;;;;
;;;;;;;;;;;
;;;;;;;;;;;
;;;;;;;;;;;
;;;;;;;;;;;
;;;;;;;;;;;
;;;;;;;;;;;
;;;;;;;;;;;
;;;;;;;;;;;
;;;;;;;;;;;
;;;;;;;;;;;
;;;;;;;;;;;
;;;;;;;;;;;
;;;;;;;;;;;
;;;;;;;;;;;
;;;;;;;;;;;
;;;;;;;;;;;
;;;;;;;;;;;
;;;;;;;;;;;
;;;;;;;;;;;
;;;;;;;;;;;
;;;;;;;;;;;
;;;;;;;;;;;
;;;;;;;;;;;
;;;;;;;;;;;
;;;;;;;;;;;
;;;;;;;;;;;
;;;;;;;;;;;
;;;;;;;;;;;
;;;;;;;;;;;
;;;;;;;;;;;
;;;;;;;;;;;
;;;;;;;;;;;
;;;;;;;;;;;
;;;;;;;;;;;
;;;;;;;;;;;
;;;;;;;;;;;
;;;;;;;;;;;
;;;;;;;;;;;
;;;;;;;;;;;
;;;;;;;;;;;
;;;;;;;;;;;
;;;;;;;;;;;
;;;;;;;;;;;
;;;;;;;;;;;
;;;;;;;;;;;
;;;;;;;;;;;
;;;;;;;;;;;
;;;;;;;;;;;
;;;;;;;;;;;
;;;;;;;;;;;
;;;;;;;;;;;
;;;;;;;;;;;
;;;;;;;;;;;
;;;;;;;;;;;
;;;;;;;;;;;
;;;;;;;;;;;
;;;;;;;;;;;
;;;;;;;;;;;
;;;;;;;;;;;
;;;;;;;;;;;
;;;;;;;;;;;
;;;;;;;;;;;
;;;;;;;;;;;
;;;;;;;;;;;
;;;;;;;;;;;
;;;;;;;;;;;
;;;;;;;;;;;
;;;;;;;;;;;
;;;;;;;;;;;
;;;;;;;;;;;
;;;;;;;;;;;
;;;;;;;;;;;
;;;;;;;;;;;
;;;;;;;;;;;
;;;;;;;;;;;
;;;;;;;;;;;
;;;;;;;;;;;
;;;;;;;;;;;
;;;;;;;;;;;
;;;;;;;;;;;
;;;;;;;;;;;
;;;;;;;;;;;
;;;;;;;;;;;
;;;;;;;;;;;
;;;;;;;;;;;
;;;;;;;;;;;
;;;;;;;;;;;
;;;;;;;;;;;
;;;;;;;;;;;
;;;;;;;;;;;
;;;;;;;;;;;
;;;;;;;;;;;
;;;;;;;;;;;
;;;;;;;;;;;
;;;;;;;;;;;
;;;;;;;;;;;
;;;;;;;;;;;
;;;;;;;;;;;
;;;;;;;;;;;
;;;;;;;;;;;
;;;;;;;;;;;
;;;;;;;;;;;
;;;;;;;;;;;
;;;;;;;;;;;
;;;;;;;;;;;
;;;;;;;;;;;
;;;;;;;;;;;
;;;;;;;;;;;
;;;;;;;;;;;
;;;;;;;;;;;
;;;;;;;;;;;
;;;;;;;;;;;
;;;;;;;;;;;
;;;;;;;;;;;
;;;;;;;;;;;
;;;;;;;;;;;
;;;;;;;;;;;
;;;;;;;;;;;
;;;;;;;;;;;
;;;;;;;;;;;
;;;;;;;;;;;
;;;;;;;;;;;
;;;;;;;;;;;
;;;;;;;;;;;
;;;;;;;;;;;
;;;;;;;;;;;
;;;;;;;;;;;
;;;;;;;;;;;
;;;;;;;;;;;
;;;;;;;;;;;
;;;;;;;;;;;
;;;;;;;;;;;
;;;;;;;;;;;
;;;;;;;;;;;
;;;;;;;;;;;
;;;;;;;;;;;
;;;;;;;;;;;
;;;;;;;;;;;
;;;;;;;;;;;
;;;;;;;;;;;
;;;;;;;;;;;
;;;;;;;;;;;
;;;;;;;;;;;
;;;;;;;;;;;
;;;;;;;;;;;
;;;;;;;;;;;
;;;;;;;;;;;
;;;;;;;;;;;
;;;;;;;;;;;
;;;;;;;;;;;
;;;;;;;;;;;
;;;;;;;;;;;
;;;;;;;;;;;
;;;;;;;;;;;
;;;;;;;;;;;
;;;;;;;;;;;
;;;;;;;;;;;
;;;;;;;;;;;
;;;;;;;;;;;
;;;;;;;;;;;
;;;;;;;;;;;
;;;;;;;;;;;
;;;;;;;;;;;
;;;;;;;;;;;
;;;;;;;;;;;
;;;;;;;;;;;
;;;;;;;;;;;
;;;;;;;;;;;
;;;;;;;;;;;
;;;;;;;;;;;
;;;;;;;;;;;
;;;;;;;;;;;
;;;;;;;;;;;
;;;;;;;;;;;
;;;;;;;;;;;
;;;;;;;;;;;
;;;;;;;;;;;
;;;;;;;;;;;
;;;;;;;;;;;
;;;;;;;;;;;
;;;;;;;;;;;
;;;;;;;;;;;
;;;;;;;;;;;
;;;;;;;;;;;
;;;;;;;;;;;
;;;;;;;;;;;
;;;;;;;;;;;
;;;;;;;;;;;
;;;;;;;;;;;
;;;;;;;;;;;
;;;;;;;;;;;
;;;;;;;;;;;
;;;;;;;;;;;
;;;;;;;;;;;
;;;;;;;;;;;
;;;;;;;;;;;
;;;;;;;;;;;
;;;;;;;;;;;
;;;;;;;;;;;
;;;;;;;;;;;
;;;;;;;;;;;
;;;;;;;;;;;
;;;;;;;;;;;
;;;;;;;;;;;
;;;;;;;;;;;
;;;;;;;;;;;
;;;;;;;;;;;
;;;;;;;;;;;
;;;;;;;;;;;
;;;;;;;;;;;
;;;;;;;;;;;
;;;;;;;;;;;
;;;;;;;;;;;
;;;;;;;;;;;
;;;;;;;;;;;
;;;;;;;;;;;
;;;;;;;;;;;
;;;;;;;;;;;
;;;;;;;;;;;
;;;;;;;;;;;
;;;;;;;;;;;
;;;;;;;;;;;
;;;;;;;;;;;
;;;;;;;;;;;
;;;;;;;;;;;
;;;;;;;;;;;
;;;;;;;;;;;
;;;;;;;;;;;
;;;;;;;;;;;
;;;;;;;;;;;
;;;;;;;;;;;
;;;;;;;;;;;
;;;;;;;;;;;
;;;;;;;;;;;
;;;;;;;;;;;
;;;;;;;;;;;
;;;;;;;;;;;
;;;;;;;;;;;
;;;;;;;;;;;
;;;;;;;;;;;
;;;;;;;;;;;
;;;;;;;;;;;
;;;;;;;;;;;
;;;;;;;;;;;
;;;;;;;;;;;
;;;;;;;;;;;
;;;;;;;;;;;
;;;;;;;;;;;
;;;;;;;;;;;
;;;;;;;;;;;
;;;;;;;;;;;
;;;;;;;;;;;
;;;;;;;;;;;
;;;;;;;;;;;
;;;;;;;;;;;
;;;;;;;;;;;
;;;;;;;;;;;
;;;;;;;;;;;
;;;;;;;;;;;
;;;;;;;;;;;
;;;;;;;;;;;
;;;;;;;;;;;
;;;;;;;;;;;
;;;;;;;;;;;
;;;;;;;;;;;
;;;;;;;;;;;
;;;;;;;;;;;
;;;;;;;;;;;
;;;;;;;;;;;
;;;;;;;;;;;
;;;;;;;;;;;
;;;;;;;;;;;
;;;;;;;;;;;
;;;;;;;;;;;
;;;;;;;;;;;
;;;;;;;;;;;
;;;;;;;;;;;
;;;;;;;;;;;
;;;;;;;;;;;
;;;;;;;;;;;
;;;;;;;;;;;
;;;;;;;;;;;
;;;;;;;;;;;
;;;;;;;;;;;
;;;;;;;;;;;
;;;;;;;;;;;
;;;;;;;;;;;
;;;;;;;;;;;
;;;;;;;;;;;
;;;;;;;;;;;
;;;;;;;;;;;
;;;;;;;;;;;
;;;;;;;;;;;
;;;;;;;;;;;
;;;;;;;;;;;
;;;;;;;;;;;
;;;;;;;;;;;
;;;;;;;;;;;
;;;;;;;;;;;
;;;;;;;;;;;
;;;;;;;;;;;
;;;;;;;;;;;
;;;;;;;;;;;
;;;;;;;;;;;
;;;;;;;;;;;
;;;;;;;;;;;
;;;;;;;;;;;
;;;;;;;;;;;
;;;;;;;;;;;
;;;;;;;;;;;
;;;;;;;;;;;
;;;;;;;;;;;
;;;;;;;;;;;
;;;;;;;;;;;
;;;;;;;;;;;
;;;;;;;;;;;
;;;;;;;;;;;
;;;;;;;;;;;
;;;;;;;;;;;
;;;;;;;;;;;
;;;;;;;;;;;
;;;;;;;;;;;
;;;;;;;;;;;
;;;;;;;;;;;
;;;;;;;;;;;
;;;;;;;;;;;
;;;;;;;;;;;
;;;;;;;;;;;
;;;;;;;;;;;
;;;;;;;;;;;
;;;;;;;;;;;
;;;;;;;;;;;
;;;;;;;;;;;
;;;;;;;;;;;
;;;;;;;;;;;
;;;;;;;;;;;
;;;;;;;;;;;
;;;;;;;;;;;
;;;;;;;;;;;
;;;;;;;;;;;
;;;;;;;;;;;
;;;;;;;;;;;
;;;;;;;;;;;
;;;;;;;;;;;
;;;;;;;;;;;
;;;;;;;;;;;
;;;;;;;;;;;
;;;;;;;;;;;
;;;;;;;;;;;
;;;;;;;;;;;
;;;;;;;;;;;
;;;;;;;;;;;
;;;;;;;;;;;
;;;;;;;;;;;
;;;;;;;;;;;
;;;;;;;;;;;
;;;;;;;;;;;
;;;;;;;;;;;
;;;;;;;;;;;
;;;;;;;;;;;
;;;;;;;;;;;
;;;;;;;;;;;
;;;;;;;;;;;
;;;;;;;;;;;
;;;;;;;;;;;
;;;;;;;;;;;
;;;;;;;;;;;
;;;;;;;;;;;
;;;;;;;;;;;
;;;;;;;;;;;
;;;;;;;;;;;
;;;;;;;;;;;
;;;;;;;;;;;
;;;;;;;;;;;
;;;;;;;;;;;
;;;;;;;;;;;
;;;;;;;;;;;
;;;;;;;;;;;
;;;;;;;;;;;
;;;;;;;;;;;
;;;;;;;;;;;
;;;;;;;;;;;
;;;;;;;;;;;
;;;;;;;;;;;
;;;;;;;;;;;
;;;;;;;;;;;
;;;;;;;;;;;
;;;;;;;;;;;
;;;;;;;;;;;
;;;;;;;;;;;
;;;;;;;;;;;
;;;;;;;;;;;
;;;;;;;;;;;
;;;;;;;;;;;
;;;;;;;;;;;
;;;;;;;;;;;
;;;;;;;;;;;
;;;;;;;;;;;
;;;;;;;;;;;
;;;;;;;;;;;
;;;;;;;;;;;
;;;;;;;;;;;
;;;;;;;;;;;
;;;;;;;;;;;
;;;;;;;;;;;
;;;;;;;;;;;
;;;;;;;;;;;
;;;;;;;;;;;
;;;;;;;;;;;
;;;;;;;;;;;
;;;;;;;;;;;
;;;;;;;;;;;
;;;;;;;;;;;
;;;;;;;;;;;
;;;;;;;;;;;
;;;;;;;;;;;
;;;;;;;;;;;
;;;;;;;;;;;
;;;;;;;;;;;
;;;;;;;;;;;
;;;;;;;;;;;
;;;;;;;;;;;
;;;;;;;;;;;
;;;;;;;;;;;
;;;;;;;;;;;
;;;;;;;;;;;
;;;;;;;;;;;
;;;;;;;;;;;
;;;;;;;;;;;
;;;;;;;;;;;
;;;;;;;;;;;
;;;;;;;;;;;
;;;;;;;;;;;
;;;;;;;;;;;
;;;;;;;;;;;
;;;;;;;;;;;
;;;;;;;;;;;
;;;;;;;;;;;
;;;;;;;;;;;
;;;;;;;;;;;
;;;;;;;;;;;
;;;;;;;;;;;
;;;;;;;;;;;
;;;;;;;;;;;
;;;;;;;;;;;
;;;;;;;;;;;
;;;;;;;;;;;
;;;;;;;;;;;
;;;;;;;;;;;
;;;;;;;;;;;
;;;;;;;;;;;
;;;;;;;;;;;
;;;;;;;;;;;
;;;;;;;;;;;
;;;;;;;;;;;
;;;;;;;;;;;
;;;;;;;;;;;
;;;;;;;;;;;
;;;;;;;;;;;
;;;;;;;;;;;
;;;;;;;;;;;
;;;;;;;;;;;
;;;;;;;;;;;
;;;;;;;;;;;
;;;;;;;;;;;
;;;;;;;;;;;
;;;;;;;;;;;
;;;;;;;;;;;
;;;;;;;;;;;
;;;;;;;;;;;
;;;;;;;;;;;
;;;;;;;;;;;
;;;;;;;;;;;
;;;;;;;;;;;
;;;;;;;;;;;
;;;;;;;;;;;
;;;;;;;;;;;
;;;;;;;;;;;
;;;;;;;;;;;
;;;;;;;;;;;
;;;;;;;;;;;
;;;;;;;;;;;
;;;;;;;;;;;
;;;;;;;;;;;
;;;;;;;;;;;
;;;;;;;;;;;
;;;;;;;;;;;
;;;;;;;;;;;
;;;;;;;;;;;
;;;;;;;;;;;
;;;;;;;;;;;
;;;;;;;;;;;
;;;;;;;;;;;
;;;;;;;;;;;
;;;;;;;;;;;
;;;;;;;;;;;
;;;;;;;;;;;
;;;;;;;;;;;
;;;;;;;;;;;
;;;;;;;;;;;
;;;;;;;;;;;
;;;;;;;;;;;
;;;;;;;;;;;
;;;;;;;;;;;
;;;;;;;;;;;
;;;;;;;;;;;
;;;;;;;;;;;
;;;;;;;;;;;
;;;;;;;;;;;
;;;;;;;;;;;
;;;;;;;;;;;
;;;;;;;;;;;
;;;;;;;;;;;
;;;;;;;;;;;
;;;;;;;;;;;
;;;;;;;;;;;
;;;;;;;;;;;
;;;;;;;;;;;
;;;;;;;;;;;
;;;;;;;;;;;
;;;;;;;;;;;
;;;;;;;;;;;
;;;;;;;;;;;
;;;;;;;;;;;
;;;;;;;;;;;
;;;;;;;;;;;
;;;;;;;;;;;
;;;;;;;;;;;
;;;;;;;;;;;
;;;;;;;;;;;
;;;;;;;;;;;
;;;;;;;;;;;
;;;;;;;;;;;
;;;;;;;;;;;
;;;;;;;;;;;
;;;;;;;;;;;
;;;;;;;;;;;
;;;;;;;;;;;
;;;;;;;;;;;
;;;;;;;;;;;
;;;;;;;;;;;
;;;;;;;;;;;
;;;;;;;;;;;
;;;;;;;;;;;
;;;;;;;;;;;
;;;;;;;;;;;
;;;;;;;;;;;
;;;;;;;;;;;
;;;;;;;;;;;
;;;;;;;;;;;
;;;;;;;;;;;
;;;;;;;;;;;
;;;;;;;;;;;
;;;;;;;;;;;
;;;;;;;;;;;
;;;;;;;;;;;
;;;;;;;;;;;
;;;;;;;;;;;
;;;;;;;;;;;
;;;;;;;;;;;
;;;;;;;;;;;
;;;;;;;;;;;
;;;;;;;;;;;
;;;;;;;;;;;
;;;;;;;;;;;
;;;;;;;;;;;
;;;;;;;;;;;
;;;;;;;;;;;
;;;;;;;;;;;
;;;;;;;;;;;
;;;;;;;;;;;
;;;;;;;;;;;
;;;;;;;;;;;
;;;;;;;;;;;
;;;;;;;;;;;
;;;;;;;;;;;
;;;;;;;;;;;
;;;;;;;;;;;
;;;;;;;;;;;
;;;;;;;;;;;
;;;;;;;;;;;
;;;;;;;;;;;
;;;;;;;;;;;
;;;;;;;;;;;
;;;;;;;;;;;
;;;;;;;;;;;
;;;;;;;;;;;
;;;;;;;;;;;
;;;;;;;;;;;
;;;;;;;;;;;
;;;;;;;;;;;
;;;;;;;;;;;
;;;;;;;;;;;
;;;;;;;;;;;
;;;;;;;;;;;
;;;;;;;;;;;
;;;;;;;;;;;
;;;;;;;;;;;
;;;;;;;;;;;
;;;;;;;;;;;
;;;;;;;;;;;
;;;;;;;;;;;
;;;;;;;;;;;
;;;;;;;;;;;
;;;;;;;;;;;
;;;;;;;;;;;
;;;;;;;;;;;
;;;;;;;;;;;
;;;;;;;;;;;
;;;;;;;;;;;
;;;;;;;;;;;
;;;;;;;;;;;
;;;;;;;;;;;
;;;;;;;;;;;
;;;;;;;;;;;
;;;;;;;;;;;
;;;;;;;;;;;
;;;;;;;;;;;
;;;;;;;;;;;
;;;;;;;;;;;
;;;;;;;;;;;
;;;;;;;;;;;
;;;;;;;;;;;
;;;;;;;;;;;
;;;;;;;;;;;
;;;;;;;;;;;
;;;;;;;;;;;
;;;;;;;;;;;
;;;;;;;;;;;
;;;;;;;;;;;
;;;;;;;;;;;
;;;;;;;;;;;
;;;;;;;;;;;
;;;;;;;;;;;
;;;;;;;;;;;
;;;;;;;;;;;
;;;;;;;;;;;
;;;;;;;;;;;
;;;;;;;;;;;
;;;;;;;;;;;
;;;;;;;;;;;
;;;;;;;;;;;
;;;;;;;;;;;
;;;;;;;;;;;
;;;;;;;;;;;
;;;;;;;;;;;
;;;;;;;;;;;
;;;;;;;;;;;
;;;;;;;;;;;
;;;;;;;;;;;
;;;;;;;;;;;
;;;;;;;;;;;
;;;;;;;;;;;
;;;;;;;;;;;
;;;;;;;;;;;
;;;;;;;;;;;
;;;;;;;;;;;
;;;;;;;;;;;
;;;;;;;;;;;
;;;;;;;;;;;
;;;;;;;;;;;
;;;;;;;;;;;
;;;;;;;;;;;
;;;;;;;;;;;
;;;;;;;;;;;
;;;;;;;;;;;
;;;;;;;;;;;
;;;;;;;;;;;
;;;;;;;;;;;
;;;;;;;;;;;
;;;;;;;;;;;
;;;;;;;;;;;
;;;;;;;;;;;
;;;;;;;;;;;
;;;;;;;;;;;
;;;;;;;;;;;
;;;;;;;;;;;
;;;;;;;;;;;
;;;;;;;;;;;
;;;;;;;;;;;
;;;;;;;;;;;
;;;;;;;;;;;
;;;;;;;;;;;
;;;;;;;;;;;
;;;;;;;;;;;
;;;;;;;;;;;
;;;;;;;;;;;
;;;;;;;;;;;
;;;;;;;;;;;
;;;;;;;;;;;
;;;;;;;;;;;
;;;;;;;;;;;
;;;;;;;;;;;
;;;;;;;;;;;
;;;;;;;;;;;
;;;;;;;;;;;
;;;;;;;;;;;
;;;;;;;;;;;
;;;;;;;;;;;
;;;;;;;;;;;
;;;;;;;;;;;
;;;;;;;;;;;
;;;;;;;;;;;
;;;;;;;;;;;
;;;;;;;;;;;
;;;;;;;;;;;
;;;;;;;;;;;
;;;;;;;;;;;
;;;;;;;;;;;
;;;;;;;;;;;
;;;;;;;;;;;
;;;;;;;;;;;
;;;;;;;;;;;
;;;;;;;;;;;
;;;;;;;;;;;
;;;;;;;;;;;
;;;;;;;;;;;
;;;;;;;;;;;
;;;;;;;;;;;
;;;;;;;;;;;
;;;;;;;;;;;
;;;;;;;;;;;
;;;;;;;;;;;
;;;;;;;;;;;
;;;;;;;;;;;
;;;;;;;;;;;
;;;;;;;;;;;
;;;;;;;;;;;
;;;;;;;;;;;
;;;;;;;;;;;
;;;;;;;;;;;
;;;;;;;;;;;
;;;;;;;;;;;
;;;;;;;;;;;
;;;;;;;;;;;
;;;;;;;;;;;
;;;;;;;;;;;
;;;;;;;;;;;
;;;;;;;;;;;
;;;;;;;;;;;
;;;;;;;;;;;
;;;;;;;;;;;
;;;;;;;;;;;
;;;;;;;;;;;
;;;;;;;;;;;
;;;;;;;;;;;
;;;;;;;;;;;
;;;;;;;;;;;
;;;;;;;;;;;
;;;;;;;;;;;
;;;;;;;;;;;
;;;;;;;;;;;
;;;;;;;;;;;
;;;;;;;;;;;
;;;;;;;;;;;
;;;;;;;;;;;
;;;;;;;;;;;
;;;;;;;;;;;
;;;;;;;;;;;
;;;;;;;;;;;
;;;;;;;;;;;
;;;;;;;;;;;
;;;;;;;;;;;
;;;;;;;;;;;
;;;;;;;;;;;
;;;;;;;;;;;
;;;;;;;;;;;
;;;;;;;;;;;
;;;;;;;;;;;
;;;;;;;;;;;
;;;;;;;;;;;
;;;;;;;;;;;
;;;;;;;;;;;
;;;;;;;;;;;
;;;;;;;;;;;
;;;;;;;;;;;
;;;;;;;;;;;
;;;;;;;;;;;
;;;;;;;;;;;
;;;;;;;;;;;
;;;;;;;;;;;
;;;;;;;;;;;
;;;;;;;;;;;
;;;;;;;;;;;
;;;;;;;;;;;
;;;;;;;;;;;
;;;;;;;;;;;
;;;;;;;;;;;
;;;;;;;;;;;
;;;;;;;;;;;
;;;;;;;;;;;
;;;;;;;;;;;
;;;;;;;;;;;
;;;;;;;;;;;
;;;;;;;;;;;
;;;;;;;;;;;
;;;;;;;;;;;
;;;;;;;;;;;
;;;;;;;;;;;
;;;;;;;;;;;
;;;;;;;;;;;
;;;;;;;;;;;
;;;;;;;;;;;
;;;;;;;;;;;
;;;;;;;;;;;
;;;;;;;;;;;
;;;;;;;;;;;
;;;;;;;;;;;
;;;;;;;;;;;
;;;;;;;;;;;
;;;;;;;;;;;
;;;;;;;;;;;
;;;;;;;;;;;
;;;;;;;;;;;
;;;;;;;;;;;
;;;;;;;;;;;
;;;;;;;;;;;
;;;;;;;;;;;
;;;;;;;;;;;
;;;;;;;;;;;
;;;;;;;;;;;
;;;;;;;;;;;
;;;;;;;;;;;
;;;;;;;;;;;
;;;;;;;;;;;
;;;;;;;;;;;
;;;;;;;;;;;
;;;;;;;;;;;
;;;;;;;;;;;
;;;;;;;;;;;
;;;;;;;;;;;
;;;;;;;;;;;
;;;;;;;;;;;
;;;;;;;;;;;
;;;;;;;;;;;
;;;;;;;;;;;
;;;;;;;;;;;
;;;;;;;;;;;
;;;;;;;;;;;
;;;;;;;;;;;
;;;;;;;;;;;
;;;;;;;;;;;
;;;;;;;;;;;
;;;;;;;;;;;
;;;;;;;;;;;
;;;;;;;;;;;
;;;;;;;;;;;
;;;;;;;;;;;
;;;;;;;;;;;
;;;;;;;;;;;
;;;;;;;;;;;
;;;;;;;;;;;
;;;;;;;;;;;
;;;;;;;;;;;
;;;;;;;;;;;
;;;;;;;;;;;
;;;;;;;;;;;
;;;;;;;;;;;
;;;;;;;;;;;
;;;;;;;;;;;
;;;;;;;;;;;
;;;;;;;;;;;
;;;;;;;;;;;
;;;;;;;;;;;
;;;;;;;;;;;
;;;;;;;;;;;
;;;;;;;;;;;
;;;;;;;;;;;
;;;;;;;;;;;
;;;;;;;;;;;
;;;;;;;;;;;
;;;;;;;;;;;
;;;;;;;;;;;
;;;;;;;;;;;
;;;;;;;;;;;
;;;;;;;;;;;
;;;;;;;;;;;
;;;;;;;;;;;
;;;;;;;;;;;
;;;;;;;;;;;
;;;;;;;;;;;
;;;;;;;;;;;
;;;;;;;;;;;
;;;;;;;;;;;
;;;;;;;;;;;
;;;;;;;;;;;
;;;;;;;;;;;
;;;;;;;;;;;
;;;;;;;;;;;
;;;;;;;;;;;
;;;;;;;;;;;
;;;;;;;;;;;
;;;;;;;;;;;
;;;;;;;;;;;
;;;;;;;;;;;
;;;;;;;;;;;
;;;;;;;;;;;
;;;;;;;;;;;
;;;;;;;;;;;
;;;;;;;;;;;
;;;;;;;;;;;
;;;;;;;;;;;
;;;;;;;;;;;
;;;;;;;;;;;
;;;;;;;;;;;
;;;;;;;;;;;
;;;;;;;;;;;
;;;;;;;;;;;
;;;;;;;;;;;
;;;;;;;;;;;
;;;;;;;;;;;
;;;;;;;;;;;
;;;;;;;;;;;
;;;;;;;;;;;
;;;;;;;;;;;
;;;;;;;;;;;
;;;;;;;;;;;
;;;;;;;;;;;
;;;;;;;;;;;
;;;;;;;;;;;
;;;;;;;;;;;
;;;;;;;;;;;
;;;;;;;;;;;
;;;;;;;;;;;
;;;;;;;;;;;
;;;;;;;;;;;
;;;;;;;;;;;
;;;;;;;;;;;
;;;;;;;;;;;
;;;;;;;;;;;
;;;;;;;;;;;
;;;;;;;;;;;
;;;;;;;;;;;
;;;;;;;;;;;
;;;;;;;;;;;
;;;;;;;;;;;
;;;;;;;;;;;
;;;;;;;;;;;
;;;;;;;;;;;
;;;;;;;;;;;
;;;;;;;;;;;
;;;;;;;;;;;
;;;;;;;;;;;
;;;;;;;;;;;
;;;;;;;;;;;
;;;;;;;;;;;
;;;;;;;;;;;
;;;;;;;;;;;
;;;;;;;;;;;
;;;;;;;;;;;
;;;;;;;;;;;
;;;;;;;;;;;
;;;;;;;;;;;
;;;;;;;;;;;
;;;;;;;;;;;
;;;;;;;;;;;
;;;;;;;;;;;
;;;;;;;;;;;
;;;;;;;;;;;
;;;;;;;;;;;
;;;;;;;;;;;
;;;;;;;;;;;
;;;;;;;;;;;
;;;;;;;;;;;
;;;;;;;;;;;
;;;;;;;;;;;
;;;;;;;;;;;
;;;;;;;;;;;
;;;;;;;;;;;
;;;;;;;;;;;
;;;;;;;;;;;
;;;;;;;;;;;
;;;;;;;;;;;
;;;;;;;;;;;
;;;;;;;;;;;
;;;;;;;;;;;
;;;;;;;;;;;
;;;;;;;;;;;
;;;;;;;;;;;
;;;;;;;;;;;
;;;;;;;;;;;
;;;;;;;;;;;
;;;;;;;;;;;
;;;;;;;;;;;
;;;;;;;;;;;
;;;;;;;;;;;
;;;;;;;;;;;
;;;;;;;;;;;
;;;;;;;;;;;
;;;;;;;;;;;
;;;;;;;;;;;
;;;;;;;;;;;
;;;;;;;;;;;
;;;;;;;;;;;
;;;;;;;;;;;
;;;;;;;;;;;
;;;;;;;;;;;
;;;;;;;;;;;
;;;;;;;;;;;
;;;;;;;;;;;
;;;;;;;;;;;
;;;;;;;;;;;
;;;;;;;;;;;
;;;;;;;;;;;
;;;;;;;;;;;
;;;;;;;;;;;
;;;;;;;;;;;
;;;;;;;;;;;
;;;;;;;;;;;
;;;;;;;;;;;
;;;;;;;;;;;
;;;;;;;;;;;
;;;;;;;;;;;
;;;;;;;;;;;
;;;;;;;;;;;
;;;;;;;;;;;
;;;;;;;;;;;
;;;;;;;;;;;
;;;;;;;;;;;
;;;;;;;;;;;
;;;;;;;;;;;
;;;;;;;;;;;
;;;;;;;;;;;
;;;;;;;;;;;
;;;;;;;;;;;
;;;;;;;;;;;
;;;;;;;;;;;
;;;;;;;;;;;
;;;;;;;;;;;
;;;;;;;;;;;
;;;;;;;;;;;
;;;;;;;;;;;
;;;;;;;;;;;
;;;;;;;;;;;
;;;;;;;;;;;
;;;;;;;;;;;
;;;;;;;;;;;
;;;;;;;;;;;
;;;;;;;;;;;
;;;;;;;;;;;
;;;;;;;;;;;
;;;;;;;;;;;
;;;;;;;;;;;
;;;;;;;;;;;
;;;;;;;;;;;
;;;;;;;;;;;
;;;;;;;;;;;
;;;;;;;;;;;
;;;;;;;;;;;
;;;;;;;;;;;
;;;;;;;;;;;
;;;;;;;;;;;
;;;;;;;;;;;
;;;;;;;;;;;
;;;;;;;;;;;
;;;;;;;;;;;
;;;;;;;;;;;
;;;;;;;;;;;
;;;;;;;;;;;
;;;;;;;;;;;
;;;;;;;;;;;
;;;;;;;;;;;
;;;;;;;;;;;
;;;;;;;;;;;
;;;;;;;;;;;
;;;;;;;;;;;
;;;;;;;;;;;
;;;;;;;;;;;
;;;;;;;;;;;
;;;;;;;;;;;
;;;;;;;;;;;
;;;;;;;;;;;
;;;;;;;;;;;
;;;;;;;;;;;
;;;;;;;;;;;
;;;;;;;;;;;
;;;;;;;;;;;
;;;;;;;;;;;
;;;;;;;;;;;
;;;;;;;;;;;
;;;;;;;;;;;
;;;;;;;;;;;
;;;;;;;;;;;
;;;;;;;;;;;
;;;;;;;;;;;
;;;;;;;;;;;
;;;;;;;;;;;
;;;;;;;;;;;
;;;;;;;;;;;
;;;;;;;;;;;
;;;;;;;;;;;
;;;;;;;;;;;
;;;;;;;;;;;
;;;;;;;;;;;
;;;;;;;;;;;
;;;;;;;;;;;
;;;;;;;;;;;
;;;;;;;;;;;
;;;;;;;;;;;
;;;;;;;;;;;
;;;;;;;;;;;
;;;;;;;;;;;
;;;;;;;;;;;
;;;;;;;;;;;
;;;;;;;;;;;
;;;;;;;;;;;
;;;;;;;;;;;
;;;;;;;;;;;
;;;;;;;;;;;
;;;;;;;;;;;
;;;;;;;;;;;
;;;;;;;;;;;
;;;;;;;;;;;
;;;;;;;;;;;
;;;;;;;;;;;
;;;;;;;;;;;
;;;;;;;;;;;
;;;;;;;;;;;
;;;;;;;;;;;
;;;;;;;;;;;
;;;;;;;;;;;
;;;;;;;;;;;
;;;;;;;;;;;
;;;;;;;;;;;
;;;;;;;;;;;
;;;;;;;;;;;
;;;;;;;;;;;
;;;;;;;;;;;
;;;;;;;;;;;
;;;;;;;;;;;
;;;;;;;;;;;
;;;;;;;;;;;
;;;;;;;;;;;
;;;;;;;;;;;
;;;;;;;;;;;
;;;;;;;;;;;
;;;;;;;;;;;
;;;;;;;;;;;
;;;;;;;;;;;
;;;;;;;;;;;
;;;;;;;;;;;
;;;;;;;;;;;
;;;;;;;;;;;
;;;;;;;;;;;
;;;;;;;;;;;
;;;;;;;;;;;
;;;;;;;;;;;
;;;;;;;;;;;
;;;;;;;;;;;
;;;;;;;;;;;
;;;;;;;;;;;
;;;;;;;;;;;
;;;;;;;;;;;
;;;;;;;;;;;
;;;;;;;;;;;
;;;;;;;;;;;
;;;;;;;;;;;
;;;;;;;;;;;
;;;;;;;;;;;
;;;;;;;;;;;
;;;;;;;;;;;
;;;;;;;;;;;
;;;;;;;;;;;
;;;;;;;;;;;
;;;;;;;;;;;
;;;;;;;;;;;
;;;;;;;;;;;
;;;;;;;;;;;
;;;;;;;;;;;
;;;;;;;;;;;
;;;;;;;;;;;
;;;;;;;;;;;
;;;;;;;;;;;
;;;;;;;;;;;
;;;;;;;;;;;
;;;;;;;;;;;
;;;;;;;;;;;
;;;;;;;;;;;
;;;;;;;;;;;
;;;;;;;;;;;
;;;;;;;;;;;
;;;;;;;;;;;
;;;;;;;;;;;
;;;;;;;;;;;
;;;;;;;;;;;
;;;;;;;;;;;
;;;;;;;;;;;
;;;;;;;;;;;
;;;;;;;;;;;
;;;;;;;;;;;
;;;;;;;;;;;
;;;;;;;;;;;
;;;;;;;;;;;
;;;;;;;;;;;
;;;;;;;;;;;
;;;;;;;;;;;
;;;;;;;;;;;
;;;;;;;;;;;
;;;;;;;;;;;
;;;;;;;;;;;
;;;;;;;;;;;
;;;;;;;;;;;
;;;;;;;;;;;
;;;;;;;;;;;
;;;;;;;;;;;
;;;;;;;;;;;
;;;;;;;;;;;
;;;;;;;;;;;
;;;;;;;;;;;
;;;;;;;;;;;
;;;;;;;;;;;
;;;;;;;;;;;
;;;;;;;;;;;
;;;;;;;;;;;
;;;;;;;;;;;
;;;;;;;;;;;
;;;;;;;;;;;
;;;;;;;;;;;
;;;;;;;;;;;
;;;;;;;;;;;
;;;;;;;;;;;
;;;;;;;;;;;
;;;;;;;;;;;
;;;;;;;;;;;
;;;;;;;;;;;
;;;;;;;;;;;
;;;;;;;;;;;
;;;;;;;;;;;
;;;;;;;;;;;
;;;;;;;;;;;
;;;;;;;;;;;
;;;;;;;;;;;
;;;;;;;;;;;
;;;;;;;;;;;
;;;;;;;;;;;
;;;;;;;;;;;
;;;;;;;;;;;
;;;;;;;;;;;
;;;;;;;;;;;
;;;;;;;;;;;
;;;;;;;;;;;
;;;;;;;;;;;
;;;;;;;;;;;
;;;;;;;;;;;
;;;;;;;;;;;
;;;;;;;;;;;
;;;;;;;;;;;
;;;;;;;;;;;
;;;;;;;;;;;
;;;;;;;;;;;
;;;;;;;;;;;
;;;;;;;;;;;
;;;;;;;;;;;
;;;;;;;;;;;
;;;;;;;;;;;
;;;;;;;;;;;
;;;;;;;;;;;
;;;;;;;;;;;
;;;;;;;;;;;
;;;;;;;;;;;
;;;;;;;;;;;
;;;;;;;;;;;
;;;;;;;;;;;
;;;;;;;;;;;
;;;;;;;;;;;
;;;;;;;;;;;
;;;;;;;;;;;
;;;;;;;;;;;
;;;;;;;;;;;
;;;;;;;;;;;
;;;;;;;;;;;
;;;;;;;;;;;
;;;;;;;;;;;
;;;;;;;;;;;
;;;;;;;;;;;
;;;;;;;;;;;
;;;;;;;;;;;
;;;;;;;;;;;
;;;;;;;;;;;
;;;;;;;;;;;
;;;;;;;;;;;
;;;;;;;;;;;
;;;;;;;;;;;
;;;;;;;;;;;
;;;;;;;;;;;
;;;;;;;;;;;
;;;;;;;;;;;
;;;;;;;;;;;
;;;;;;;;;;;
;;;;;;;;;;;
;;;;;;;;;;;
;;;;;;;;;;;
;;;;;;;;;;;
;;;;;;;;;;;
;;;;;;;;;;;
;;;;;;;;;;;
;;;;;;;;;;;
;;;;;;;;;;;
;;;;;;;;;;;
;;;;;;;;;;;
;;;;;;;;;;;
;;;;;;;;;;;
;;;;;;;;;;;
;;;;;;;;;;;
;;;;;;;;;;;
;;;;;;;;;;;
;;;;;;;;;;;
;;;;;;;;;;;
;;;;;;;;;;;
;;;;;;;;;;;
;;;;;;;;;;;
;;;;;;;;;;;
;;;;;;;;;;;
;;;;;;;;;;;
;;;;;;;;;;;
;;;;;;;;;;;
;;;;;;;;;;;
;;;;;;;;;;;
;;;;;;;;;;;
;;;;;;;;;;;
;;;;;;;;;;;
;;;;;;;;;;;
;;;;;;;;;;;
;;;;;;;;;;;
ACRESCENTE LINHAS ACIMA DESTA PARA ATUALIZAR AS FÓRMULAS;;;Fechar;;;;;;;;
